"name","dns_domain","u_type","install_status","ip_address","u_d_operating_system","os_domain"
"awseuwappmrd01","","Windows","In Use","10.36.1.213","Windows 2008 R2","us.maritz.net"
"awseuwappmrd02","us.maritz.net","Windows","In Use","10.36.1.32","Windows 2008 R2","us.maritz.net"
"awseuwdcus99","us.maritz.net","Windows","In Use","10.36.5.99","Windows 2008 R2","us.maritz.net"
"awseuwftp1002","","Windows","In Use","10.36.5.19","Windows 2008 R2","us.maritz.net"
"awseuwsqlmrd01","","Windows","In Use","10.36.4.189","Windows 2008 R2","us.maritz.net"
"awseuwsqlmrd02","us.maritz.net","Windows","In Use","10.36.4.154","Windows 2008 R2","us.maritz.net"
"awseuwsqlmrp01","","Windows","In Use","10.36.2.122","Windows 2008 R2","us.maritz.net"
"awseuwsqlmrp04","","Windows","In Use","10.36.2.115","Windows 2008 R2","us.maritz.net"
"awseuwsqlmrp05","","Windows","In Use","10.36.2.29","Windows 2008 R2","us.maritz.net"
"awseuwsqlmrp07","","Windows","In Use","10.36.2.233","Windows 2008 R2","us.maritz.net"
"awseuwsqlmrr01","","Windows","In Use","10.36.2.141","Windows 2008 R2","us.maritz.net"
"awseuwsqlmrr02","","Windows","In Use","10.36.2.216","Windows 2008 R2","us.maritz.net"
"awseuwsqlmrt01","","Windows","In Use","10.36.2.151","Windows 2008 R2","us.maritz.net"
"awseuwtsvr1002","us.maritz.net","Windows","In Use","10.36.5.87","Windows 2008 R2","us.maritz.net"
"awseuwwapmrd01","us.maritz.net","Windows","In Use","10.36.4.26","Windows 2008 R2","us.maritz.net"
"awseuwwapmrp01","us.maritz.net","Windows","In Use","10.36.1.173","Windows 2008 R2","us.maritz.net"
"awseuwwebmrd01","us.maritz.net","Windows","In Use","10.36.3.200","Windows 2008 R2","us.maritz.net"
"awsuseappmrp01","","Windows","Retired","10.34.5.76","Windows 2008 R2","us.maritz.net"
"awsusedcus99","us.maritz.net","Windows","In Use","10.34.5.99","Windows 2008 R2","us.maritz.net"
"awsuseftp1001","","Windows","In Use","10.34.5.7","Windows 2008 R2","us.maritz.net"
"awsusesqlmrd01","","Windows","In Use","10.34.4.113","Windows 2008 R2","us.maritz.net"
"awsusesqlmrd03","","Windows","In Use","10.34.4.91","Windows 2008 R2","us.maritz.net"
"awsusesqlmrp01","","Windows","In Use","10.34.2.220","Windows 2008 R2","us.maritz.net"
"awsusesqlmrp02","","Windows","In Use","10.34.2.221","Windows 2008 R2","us.maritz.net"
"awsusesqlmrp04","","Windows","In Use","10.34.2.164","Windows 2008 R2","us.maritz.net"
"awsusesqlmrp05","","Windows","In Use","10.34.2.217","Windows 2008 R2","us.maritz.net"
"awsusesqlmrp06","","Windows","In Use","10.34.2.18","Windows 2008 R2","us.maritz.net"
"awsusetsvr1002","","Windows","In Use","10.34.5.45","Windows 2008 R2","us.maritz.net"
"awsusewapmrd01","","Windows","In Use","10.34.4.197","Windows 2008 R2","us.maritz.net"
"awsusewapmrp01","","Windows","In Use","10.34.1.21","Windows 2008 R2","us.maritz.net"
"awsusewebmrd02","us.maritz.net","Windows","In Use","10.34.3.171","Windows 2008 R2","us.maritz.net"
"awsusewebmrd03","us.maritz.net","Windows","In Use","10.34.3.42","Windows 2008 R2","us.maritz.net"
"awsusewebmrd04","us.maritz.net","Windows","In Use","10.34.3.5","Windows 2008 R2","us.maritz.net"
"awsusewebmrd05","us.maritz.net","Windows","In Use","10.34.3.147","Windows 2008 R2","us.maritz.net"
"chi010offc01","","Windows","In Use","10.30.7.137","Windows 2008 R2","us.maritz.net"
"edi001offc05","","Windows","In Use","10.30.5.155","","us.maritz.net"
"fenappaltp02","","Windows","In Use","10.10.107.21","Windows 2003","us.maritz.net"
"fenappavp01","","Windows","In Use","156.45.55.26","Windows 2008 R2","us.maritz.net"
"fenappccad801v","us.maritz.net","Windows","In Use","156.45.66.85","Windows Server 2012 R2 Standard R2","us.maritz.net"
"fenappccat801v","us.maritz.net","Windows","In Use","172.18.2.22","Windows Server 2012 R2 Standard R2","us.maritz.net"
"fenappcenp04","","Windows","Build/Rebuild","156.45.65.67","Windows Server 2012 R2 Standard R2","us.maritz.net"
"fenappcsmt01","","Windows","In Use","172.18.2.19","Windows 2008 R2","us.maritz.net"
"fenappdev01","","Windows","In Use","156.45.55.136","Windows 2003","us.maritz.net"
"fenappditbd501v","","Windows","In Use","156.45.55.103","Windows 2003","us.maritz.net"
"fenappditbt501v","","Windows","In Use","156.45.55.104","Windows 2003","us.maritz.net"
"fenappdlpp01","","Windows","In Use","172.19.7.41","Windows 2008 R2","us.maritz.net"
"fenappdlpp02","","Windows","In Use","172.19.7.31","Windows 2008 R2","us.maritz.net"
"fenappdlpp03","","Windows","In Use","172.19.7.32","Windows 2008 R2","us.maritz.net"
"fenappdlpp04","","Windows","In Use","172.19.7.33","Windows 2008 R2","us.maritz.net"
"fenappdlpp06","","Windows","In Use","172.19.7.28","Windows 2008 R2","us.maritz.net"
"fenappdlpp07","","Windows","In Use","172.19.7.29","Windows 2008 R2","us.maritz.net"
"fenappedp02","","Windows","In Use","156.45.55.119","Windows 2003","us.maritz.net"
"fenappedp03","","Windows","In Use","156.45.55.116","Windows 2003","us.maritz.net"
"fenappedp06","","Windows","In Use","156.45.54.44","Windows 2003","us.maritz.net"
"fenappedp07","","Windows","In Use","156.45.54.65","Windows 2008 R2","us.maritz.net"
"fenappekmp02","","Windows","In Use","10.2.1.56","Windows Server 2012 Standard","us.maritz.net"
"fenappepop02","","Windows","In Use","156.45.50.81","Windows 2003","us.maritz.net"
"fenappepop03","","Windows","In Use","156.45.50.159","Windows Server 2012 Standard","us.maritz.net"
"fenappfind01","","Windows","In Use","172.19.15.25","Windows 2008 R2","us.maritz.net"
"fenappfind02","","Windows","De-Installed","172.19.15.26","Windows 2003 R2","us.maritz.net"
"fenappfind04","","Windows","In Use","172.19.15.28","Windows 2008 R2","us.maritz.net"
"fenappfinp02","us.maritz.net","Windows","In Use","172.19.15.20","Windows 2003 R2","us.maritz.net"
"fenappfinp03","","Windows","In Use","172.19.15.24","Windows 2008 R2","us.maritz.net"
"fenappfinp04","","Windows","In Use","156.45.55.113","Windows 2008 R2","us.maritz.net"
"fenappfinp05","","Windows","In Use","172.19.15.21","Windows 2008 R2","us.maritz.net"
"fenappgateway01","","Windows","In Use","172.19.23.27","Windows Server 2012 R2 Standard R2","us.maritz.net"
"fenappiexp01","","Windows","In Use","172.18.6.11","Windows 2008 R2","us.maritz.net"
"fenapplawp01","","Windows","In Use","156.45.50.72","Windows 2003","us.maritz.net"
"fenappmgd02","","Windows","Installed","156.45.66.58","Windows 2008 R2","us.maritz.net"
"fenappmgp01","","Windows","In Use","172.19.7.30","Windows 2008 R2","us.maritz.net"
"fenappmgp03","","Windows","In Use","172.19.1.249","","us.maritz.net"
"fenappmgp07","","Windows","In Use","156.45.55.249","Windows 2008 R2","us.maritz.net"
"fenappmgp11","","Windows","Decommissioned","172.19.8.61","Windows Server 2012 Standard","us.maritz.net"
"fenappmgp12","","Windows","Decommissioned","172.19.8.62","Windows Server 2012 Standard","us.maritz.net"
"fenappmgp13","","Windows","In Use","172.19.8.63","Windows Server 2012 Standard","us.maritz.net"
"fenappmgp14","","Windows","In Use","156.45.55.121","Windows 2008 R2","us.maritz.net"
"fenappmgp16","","Windows","In Use","172.19.8.35","Windows Server 2012 R2 Standard R2","us.maritz.net"
"fenappmgp17","","Windows","In Use","172.19.8.42","Windows Server 2012 R2 Standard R2","us.maritz.net"
"fenappmgp18","","Windows","In Use","156.45.55.20","Windows 2008 R2","us.maritz.net"
"fenappmgp19","","Windows","Installed","156.45.55.127","Windows 2008 R2","us.maritz.net"
"fenappmgp20","","Windows","In Use","156.45.55.241","Windows Server 2012 R2 Standard R2","us.maritz.net"
"fenappmgts01","","Windows","In Use","156.45.50.69","Windows 2003","us.maritz.net"
"fenappmgtsp01","","Windows","In Use","156.45.50.142","Windows 2008 R2","us.maritz.net"
"fenappmgtsp06","","Windows","In Use","156.45.50.39","Windows 2008 R2","us.maritz.net"
"fenappmgtsp801v","","Windows","In Use","156.45.55.201","Windows 2003","us.maritz.net"
"fenappmlmp02","","Windows","In Use","156.45.50.99","Windows 2003","us.maritz.net"
"fenappmlms01","","Windows","Retired","172.18.2.88","Windows 2003","us.maritz.net"
"fenappmlms02","","Windows","In Use","172.18.2.91","Windows Server 2012 R2 Standard R2","us.maritz.net"
"fenappmlp02","","Windows","In Use","156.45.54.194","Windows 2003","us.maritz.net"
"fenappmmd02","","Windows","In Use","156.45.66.13","Windows 2003","us.maritz.net"
"fenappmmd03","","Windows","Build/Rebuild","156.45.66.63","Windows Server 2012 R2 Standard R2","us.maritz.net"
"fenappmmp01","","Windows","In Use","156.45.55.46","Windows 2003","us.maritz.net"
"fenappmmp02","","Windows","In Use","156.45.54.13","Windows 2003","us.maritz.net"
"fenappmmp04","","Windows","Build/Rebuild","156.45.66.68","","us.maritz.net"
"fenappmrp01","","Windows","In Use","156.45.54.179","Windows 2003","us.maritz.net"
"fenappmrp05","","Windows","In Use","172.19.23.83","Windows 2008 R2","us.maritz.net"
"fenappmrp06","","Windows","In Use","172.19.23.84","Windows 2008 R2","us.maritz.net"
"fenappmrp07","","Windows","Build/Rebuild","156.45.54.182","Windows Server 2012 R2 Standard R2","us.maritz.net"
"fenappmrp801v","","Windows","In Use","156.45.55.185","Windows 2003","us.maritz.net"
"fenappmsapvp03","","Windows","In Use","156.45.55.145","Windows 2008 R2","us.maritz.net"
"fenappmsapvp04","","Windows","In Use","156.45.55.134","Windows 2008 R2","us.maritz.net"
"fenappmsapvs01","","Windows","In Use","156.45.55.202","Windows 2008 R2","us.maritz.net"
"fenappmskmsp01","","Windows","In Use","156.45.65.85","Windows 2008 R2","us.maritz.net"
"fenappnicep01","","Windows","In Use","172.18.6.62","Windows 2003 R2","us.maritz.net"
"fenappnicep02","","Windows","In Use","172.18.6.63","Windows 2003 R2","us.maritz.net"
"fenappnicep03","","Windows","In Use","172.18.6.64","Windows 2008 R2","us.maritz.net"
"fenappnicep04","","Windows","In Use","172.18.6.65","Windows 2008 R2","us.maritz.net"
"fenappnmsp01","","Windows","In Use","172.19.7.35","Windows 2008 R2","us.maritz.net"
"fenappnmsp02","","Windows","In Use","156.45.55.6","Windows 2008 R2","us.maritz.net"
"fenappnmsp03","","Windows","In Use","172.19.7.38","Windows 2008 R2","us.maritz.net"
"fenappnmsp04","","Windows","In Use","156.45.55.25","Windows Server 2012 R2 Standard R2","us.maritz.net"
"fenappnoc04","","Windows","In Use","156.45.55.39","Windows 2008 R2","us.maritz.net"
"fenappowap01","","Windows","In Use","156.45.50.102","Windows 2003","us.maritz.net"
"fenapppold01","","Windows","Installed","156.45.66.217","Windows Server 2012 R2 Standard R2","us.maritz.net"
"fenapppolp01","","Windows","Installed","156.45.55.28","Windows Server 2012 R2 Standard R2","us.maritz.net"
"fenapppols01","","Windows","Installed","156.45.66.218","Windows Server 2012 R2 Standard R2","us.maritz.net"
"fenappprn03","","Windows","In Use","156.45.55.97","Windows 2003","us.maritz.net"
"fenappsccmp01","","Windows","In Use","156.45.54.190","Windows 2008 R2","us.maritz.net"
"fenappsccmp02","","Windows","In Use","156.45.54.192","Windows 2008 R2","us.maritz.net"
"fenappsccmp03","","Windows","In Use","156.45.54.193","Windows 2008 R2","us.maritz.net"
"fenappsccmp04","","Windows","In Use","156.45.54.72","Windows 2008 R2","us.maritz.net"
"fenappsccmp06","","Windows","In Use","156.45.54.61","Windows Server 2012 R2 Standard R2","us.maritz.net"
"fenappsccmp07","","Windows","In Use","156.45.54.37","Windows Server 2012 R2 Standard R2","us.maritz.net"
"fenappsccmp08","","Windows","Installed","156.45.54.34","Windows Server 2012 R2 Standard R2","us.maritz.net"
"fenappscomp01","","Windows","In Use","172.19.1.30","","us.maritz.net"
"fenappsecp03","","Windows","In Use","156.45.55.188","Windows 2003","us.maritz.net"
"fenappsecp08","","Windows","Retired","156.45.54.21","Windows 2008 R2","us.maritz.net"
"fenappsecp09","","Windows","In Use","156.45.54.29","Windows Server 2012 R2 Standard R2","us.maritz.net"
"fenappsepp01","","Windows","In Use","156.45.54.141","Windows 2003","us.maritz.net"
"fenappsim02","","Windows","In Use","156.45.55.61","Windows 2008 R2","us.maritz.net"
"fenappsnsenvp01","","Windows","In Use","172.19.8.15","Windows 2008 R2","us.maritz.net"
"fenappsnsenvp02","","Windows","In Use","172.19.8.16","Windows 2008 R2","us.maritz.net"
"fenappsnsmgmp01","","Windows","In Use","172.19.8.17","Windows 2008 R2","us.maritz.net"
"fenappsnsmgmp02","","Windows","In Use","172.19.8.18","Windows 2008 R2","us.maritz.net"
"fenappstg02","","Windows","In Use","156.45.54.91","Windows Server 2012 R2 Standard R2","us.maritz.net"
"fenappsvnd01","","Windows","In Use","156.45.66.101","Windows 2008 R2","us.maritz.net"
"fenappsvnp02","","Windows","In Use","156.45.66.106","Windows 2008 R2","us.maritz.net"
"fenappsynp01","","Windows","In Use","156.45.54.132","Windows 2003","us.maritz.net"
"fenappsynp02","","Windows","Build/Rebuild","156.45.54.26","Windows Server 2012 R2 Standard R2","us.maritz.net"
"fenapptramsp02","","Windows","In Use","156.45.55.107","Windows 2008 R2","us.maritz.net"
"fenappvcp03","","Windows","In Use","172.18.7.104","Windows Server 2012 R2 Standard R2","us.maritz.net"
"fenappvsrp01","","Windows","In Use","172.18.7.199","Windows Server 2012 R2 Standard R2","us.maritz.net"
"fenbes04","","Windows","Retired","156.45.53.65","Windows 2003","us.maritz.net"
"fenbes05","","Windows","Installed","156.45.53.57","Windows 2008 R2","us.maritz.net"
"fenbkup01","","Windows","In Use","156.45.54.231","Windows 2008 R2","us.maritz.net"
"fenbkup02","","Windows","In Use","156.45.55.114","Windows 2008 R2","us.maritz.net"
"fenbkup03","","Windows","In Use","156.45.54.175","Windows 2008 R2","us.maritz.net"
"fenbkup04","","Windows","In Use","156.45.55.208","Windows 2008 R2","us.maritz.net"
"fenbkup20","","Windows","In Use","156.45.55.66","Windows 2008 R2","us.maritz.net"
"fenclsr2601","","Windows","In Use","156.45.50.54","Windows 2003","us.maritz.net"
"fenclsr2602","","Windows","In Use","156.45.50.55","Windows 2003","us.maritz.net"
"fenclsr2701","","Windows","In Use","156.45.50.132","Windows 2003","us.maritz.net"
"fenclsr2702","","Windows","In Use","156.45.50.12","Windows 2003","us.maritz.net"
"fenclsr2801","","Windows","In Use","156.45.50.227","Windows 2003","us.maritz.net"
"fenclsr2802","","Windows","In Use","156.45.50.228","Windows 2003","us.maritz.net"
"fenclsr3301","","Windows","In Use","172.19.22.21","Windows 2008 R2","us.maritz.net"
"fenclsr3302","","Windows","In Use","172.19.22.22","Windows 2008 R2","us.maritz.net"
"fendcus01","","Windows","In Use","156.45.65.61","Windows 2008 R2","us.maritz.net"
"fendcus02","","Windows","In Use","156.45.65.59","Windows 2008 R2","us.maritz.net"
"fendcus03","","Windows","In Use","156.45.65.60","Windows 2008 R2","us.maritz.net"
"fendcus13","","Windows","In Use","156.45.56.17","Windows 2008 R2","us.maritz.net"
"fendcus14","","Windows","In Use","156.45.56.18","Windows 2008 R2","us.maritz.net"
"fendcus21","","Windows","In Use","172.19.1.21","Windows 2008 R2","us.maritz.net"
"fendcus22","","Windows","In Use","172.19.1.22","Windows 2008 R2","us.maritz.net"
"fendcus23","","Windows","In Use","172.19.1.23","Windows 2008 R2","us.maritz.net"
"fendhcp01","","Windows","Retired","156.45.65.56","Windows 2003","us.maritz.net"
"fendhcp02","","Windows","In Use","156.45.65.56","Windows Server 2012 R2 Standard R2","us.maritz.net"
"fenexch05","","Windows","In Use","156.45.53.31","Windows 2008 R2","us.maritz.net"
"fenexch06","","Windows","In Use","156.45.53.30","Windows Server 2012 R2 Standard R2","us.maritz.net"
"fenexch07","","Windows","In Use","156.45.53.43","Windows Server 2012 R2 Standard R2","us.maritz.net"
"fenexch08","","Windows","In Use","156.45.53.45","Windows 2008 R2","us.maritz.net"
"fenexch11","","Windows","In Use","156.45.53.70","Windows 2008 R2","us.maritz.net"
"fenexch13","","Windows","In Use","156.45.53.72","Windows 2008 R2","us.maritz.net"
"fenftp10","maritz.com","Windows","In Use","156.45.50.249","Windows 2003","us.maritz.net"
"fenftp1008","","Windows","In Use","172.19.2.253","Windows 2003","us.maritz.net"
"fenftp1009","","Windows","In Use","172.19.18.253","Windows 2008 R2","us.maritz.net"
"fenftp1010","","Windows","In Use","172.19.22.253","Windows 2008 R2","us.maritz.net"
"fenftp1012","","Windows","In Use","172.19.17.253","Windows 2008 R2","us.maritz.net"
"fenftp1013","","Windows","In Use","172.19.23.253","Windows 2008 R2","us.maritz.net"
"fenftp1014","","Windows","In Use","156.45.50.90","Windows 2008 R2","us.maritz.net"
"fenftp1015","","Windows","In Use","172.19.8.253","Windows 2008 R2","us.maritz.net"
"fenftp1016","","Windows","In Use","172.19.20.253","Windows 2008 R2","us.maritz.net"
"fenftp1017","","Windows","In Use","172.19.15.253","Windows 2008 R2","us.maritz.net"
"fenftp1018","","Windows","In Use","172.19.5.248","Windows Server 2012 Standard","us.maritz.net"
"fenftp1020","","Windows","Build/Rebuild","172.18.2.245","","us.maritz.net"
"fenftp1021","","Windows","Build/Rebuild","172.18.1.254","","us.maritz.net"
"fenftp1022","","Windows","Build/Rebuild","172.18.6.254","Windows Server 2012 R2 Standard R2","us.maritz.net"
"fenftp1026","","Windows","Build/Rebuild","172.19.2.252","","us.maritz.net"
"fenftp1027","","Windows","In Use","172.19.6.248","Windows Server 2012 R2 Standard R2","us.maritz.net"
"fenftp20","","Windows","Build/Rebuild","156.45.50.110","","us.maritz.net"
"fenftp801v","","Windows","In Use","172.18.6.253","Windows 2003","us.maritz.net"
"fenftp802v","","Windows","In Use","172.18.1.253","Windows 2003","us.maritz.net"
"fenftp803","","Windows","In Use","172.18.2.253","Windows 2003","us.maritz.net"
"fenhdpitd01","","Windows","Installed","156.45.66.152","","us.maritz.net"
"fenhdpitd02","","Windows","Installed","156.45.66.153","","us.maritz.net"
"fenitrdsp02","","Windows","In Use","156.45.50.240","Windows Server 2012 R2 Standard R2","us.maritz.net"
"fenitrdsp04","","Windows","Build/Rebuild","172.18.2.240","Windows Server 2012 R2 Standard R2","us.maritz.net"
"fenlcs04","","Windows","In Use","156.45.53.32","Windows 2008 R2","us.maritz.net"
"fenmsg08","","Windows","In Use","156.45.53.56","Windows Server 2012 R2 Standard R2","us.maritz.net"
"fenmsg99","","Windows","Installed","156.45.53.59","Windows 2008 R2","us.maritz.net"
"fenmsgiac01","","Windows","Installed","156.45.53.90","Windows 2008 R2","us.maritz.net"
"fenmta29","","Windows","In Use","156.45.53.11","Windows 2008 R2","us.maritz.net"
"fenoffc301","","Windows","In Use","156.45.54.45","Windows Server 2012 R2 Standard R2","us.maritz.net"
"fenoffc302","","Windows","In Use","156.45.54.53","Windows Server 2012 R2 Standard R2","us.maritz.net"
"fenprnt001","","Windows","In Use","156.45.54.19","Windows Server 2012 R2 Standard R2","us.maritz.net"
"fenprnt002","","Windows","Build/Rebuild","156.45.54.25","","us.maritz.net"
"fenprnt003","","Windows","In Use","156.45.54.64","Windows Server 2012 Standard","us.maritz.net"
"fenprnt004","","Windows","In Use","156.45.54.84","Windows Server 2012 Standard","us.maritz.net"
"fenrdslcnsp01","","Windows","In Use","172.19.21.31","Windows 2008 R2","us.maritz.net"
"fenrdslcnsp03","","Windows","In Use","156.45.82.17","Windows 2008 R2","us.maritz.net"
"fenris02","","Windows","Retired","156.45.65.66","Windows 2003","us.maritz.net"
"fenris04","","Windows","In Use","156.45.65.70","Windows 2003","us.maritz.net"
"fensanmgmt07","","Windows","In Use","10.2.1.69","Windows 2008 R2","us.maritz.net"
"fensanmgmt08","","Windows","In Use","10.2.1.73","Windows 2008 R2","us.maritz.net"
"fensanmgmt09","","Windows","In Use","10.2.1.22","Windows 2008 R2","us.maritz.net"
"fensanmgmt10","","Windows","In Use","10.2.1.68","Windows 2008 R2","us.maritz.net"
"fensanmgmt11","","Windows","In Use","10.2.1.80","Windows 2008 R2","us.maritz.net"
"fensqladmd01","","Windows","In Use","156.45.50.86","Windows 2008 R2","us.maritz.net"
"fensqladmd02","","Windows","Installed","156.45.50.51","Windows Server 2012 R2 Standard R2","us.maritz.net"
"fensqladmp01","","Windows","In Use","172.19.5.17","Windows 2008 R2","us.maritz.net"
"fensqladmp02","","Windows","Build/Rebuild","172.19.5.20","Windows Server 2012 R2 Standard R2","us.maritz.net"
"fensqlcsid02","","Windows","In Use","172.19.2.18","Windows 2008 R2","us.maritz.net"
"fensqlcsip01","","Windows","In Use","172.19.6.53","Windows 2008 R2","us.maritz.net"
"fensqlcsip02","","Windows","In Use","172.19.6.35","Windows Server 2012 R2 Standard R2","us.maritz.net"
"fensqlcsip03","us.maritz.net","Windows","In Use","172.19.6.41","Windows Server 2012 R2 Standard R2","us.maritz.net"
"fensqlcsis02","","Windows","In Use","172.19.2.19","Windows 2008 R2","us.maritz.net"
"fensqlmcp02","","Windows","In Use","172.19.5.16","Windows 2008 R2","us.maritz.net"
"fensqlmcp03","","Windows","In Use","172.19.5.27","Windows 2008 R2","us.maritz.net"
"fensqlmcp04","","Windows","In Use","172.19.5.36","Windows 2008 R2","us.maritz.net"
"fensqlmcp05","","Windows","In Use","172.19.6.12","Windows 2008 R2","us.maritz.net"
"fensqlmcp06","","Windows","In Use","172.19.6.99","Windows 2008 R2","us.maritz.net"
"fensqlmcp08","","Windows","In Use","172.19.6.121","Windows 2008 R2","us.maritz.net"
"fensqlmcp09","","Windows","In Use","172.19.6.122","Windows 2008 R2","us.maritz.net"
"fensqlmcp10","","Windows","In Use","172.19.5.64","Windows 2008 R2","us.maritz.net"
"fensqlmcp11","","Windows","In Use","172.19.5.37","Windows 2008 R2","us.maritz.net"
"fensqlmcp12","","Windows","In Use","172.19.5.31","Windows 2008 R2","us.maritz.net"
"fensqlmcs02","","Windows","In Use","172.19.6.47","Windows 2008 R2","us.maritz.net"
"fensqlmcs03","","Windows","In Use","172.19.5.18","Windows 2008 R2","us.maritz.net"
"fensqlmcs05","","Windows","In Use","172.19.6.95","Windows 2008 R2","us.maritz.net"
"fensqlmcs06","","Windows","In Use","172.19.6.125","Windows 2008 R2","us.maritz.net"
"fensqlmcs07","","Windows","In Use","172.19.6.126","Windows 2008 R2","us.maritz.net"
"fensqlmeid06","","Windows","In Use","156.45.54.94","Windows 2008 R2","us.maritz.net"
"fensqlmeip01","","Windows","De-Installed","156.45.55.73","Windows 2003","us.maritz.net"
"fensqlmeit02","","Windows","In Use","172.19.22.20","Windows 2008 R2","us.maritz.net"
"fensqlmgd02","","Windows","In Use","172.19.23.36","Windows Server 2012 Standard","us.maritz.net"
"fensqlmgd05","","Windows","Build/Rebuild","172.19.2.60","Windows Server 2012 R2 Standard R2","us.maritz.net"
"fensqlmgd06","","Windows","In Use","172.19.2.39","Windows Server 2012 R2 Standard R2","us.maritz.net"
"fensqlmgd07","","Windows","In Use","172.19.2.53","Windows Server 2012 R2 Standard R2","us.maritz.net"
"fensqlmgd08","","Windows","In Use","172.19.2.55","Windows Server 2012 R2 Standard R2","us.maritz.net"
"fensqlmgp01","","Windows","In Use","172.19.5.22","Windows 2008 R2","us.maritz.net"
"fensqlmgp02","","Windows","In Use","172.19.6.23","Windows 2008 R2","us.maritz.net"
"fensqlmgp05","","Windows","In Use","172.19.23.34","Windows 2008 R2","us.maritz.net"
"fensqlmgp06","","Windows","In Use","172.19.6.180","Windows 2008 R2","us.maritz.net"
"fensqlmgp07","","Windows","In Use","172.19.6.102","Windows 2008 R2","us.maritz.net"
"fensqlmgp08","","Windows","In Use","172.19.6.18","Windows 2008 R2","us.maritz.net"
"fensqlmgp10","","Windows","In Use","172.19.6.127","Windows 2008 R2","us.maritz.net"
"fensqlmgp11","","Windows","In Use","172.19.23.38","Windows Server 2012 Standard","us.maritz.net"
"fensqlmgp12","","Windows","In Use","172.19.23.44","Windows Server 2012 Standard","us.maritz.net"
"fensqlmgp13","","Windows","In Use","172.19.6.161","Windows 2003","us.maritz.net"
"fensqlmgp14","","Windows","In Use","172.19.6.163","Windows 2008 R2","us.maritz.net"
"fensqlmgp16","","Windows","In Use","172.19.23.56","Windows 2008 R2","us.maritz.net"
"fensqlmgp17","","Windows","In Use","172.19.14.33","Windows 2008 R2","us.maritz.net"
"fensqlmgp19","","Windows","In Use","156.45.55.38","Windows Server 2012 R2 Standard R2","us.maritz.net"
"fensqlmgp20","","Windows","In Use","172.19.5.19","Windows Server 2012 Standard","us.maritz.net"
"fensqlmgp21","","Windows","Installed","156.45.50.164","Windows Server 2012 Standard","us.maritz.net"
"fensqlmgp22","","Windows","In Use","172.19.6.173","Windows Server 2012 R2 Standard R2","us.maritz.net"
"fensqlmgs01","","Windows","In Use","172.19.6.100","Windows 2008 R2","us.maritz.net"
"fensqlmgs03","","Windows","In Use","172.19.23.39","Windows Server 2012 Standard","us.maritz.net"
"fensqlmgtsd06","","Windows","In Use","156.45.55.141","Windows 2008 R2","us.maritz.net"
"fensqlmgtsd07","","Windows","In Use","172.19.23.52","Windows Server 2012 Standard","us.maritz.net"
"fensqlmgtsp21","","Windows","In Use","172.19.14.30","Windows 2008 R2","us.maritz.net"
"fensqlmgtsp26","","Windows","In Use","172.19.6.76","Windows 2008 R2","us.maritz.net"
"fensqlmgtsp27","","Windows","In Use","172.19.23.51","Windows Server 2012 Standard","us.maritz.net"
"fensqlmgtss02","","Windows","In Use","172.19.23.30","Windows 2008 R2","us.maritz.net"
"fensqlmlmd09","","Windows","Decommissioned","156.45.66.99","Windows 2003","us.maritz.net"
"fensqlmlmd11","","Windows","In Use","172.19.2.32","Windows 2008 R2","us.maritz.net"
"fensqlmlmd12","","Windows","In Use","172.19.2.28","Windows 2008 R2","us.maritz.net"
"fensqlmlmd14","","Windows","In Use","172.19.2.36","Windows 2008 R2","us.maritz.net"
"fensqlmlmp51","","Windows","In Use","156.45.55.184","Windows 2003","us.maritz.net"
"fensqlmlmp61","","Windows","In Use","172.19.6.19","Windows 2008 R2","us.maritz.net"
"fensqlmlms15","","Windows","In Use","172.18.1.36","Windows 2003","us.maritz.net"
"fensqlmlms17","","Windows","Decommissioned","156.45.50.180","Windows 2003","us.maritz.net"
"fensqlmlms21","","Windows","In Use","172.19.6.14","Windows 2008 R2","us.maritz.net"
"fensqlmlp07","","Windows","In Use","156.45.54.96","Windows 2003","us.maritz.net"
"fensqlmmd02","","Windows","In Use","172.19.2.37","Windows 2008 R2","us.maritz.net"
"fensqlmmd03","","Windows","In Use","172.19.2.40","Windows 2008 R2","us.maritz.net"
"fensqlmmd04","","Windows","In Use","172.19.2.27","Windows 2008 R2","us.maritz.net"
"fensqlmmd06","","Windows","In Use","172.19.2.45","Windows 2008 R2","us.maritz.net"
"fensqlmmd07","","Windows","In Use","172.19.2.47","Windows 2008 R2","us.maritz.net"
"fensqlmmd08","","Windows","In Use","172.19.2.48","Windows Server 2012 R2 Standard R2","us.maritz.net"
"fensqlmmd09","","Windows","In Use","172.19.2.49","Windows Server 2012 R2 Standard R2","us.maritz.net"
"fensqlmmd10","","Windows","In Use","156.45.50.153","Windows 2003","us.maritz.net"
"fensqlmmd11","","Windows","In Use","172.19.2.52","Windows Server 2012 R2 Standard R2","us.maritz.net"
"fensqlmmd12","","Windows","Retired","172.19.2.42","Windows Server 2012 R2 Standard R2","us.maritz.net"
"fensqlmmp03","","Windows","In Use","172.19.6.64","Windows 2008 R2","us.maritz.net"
"fensqlmmp04","","Windows","In Use","172.19.6.59","Windows 2008 R2","us.maritz.net"
"fensqlmmp05","","Windows","In Use","172.19.6.67","Windows 2008 R2","us.maritz.net"
"fensqlmmp09","","Windows","In Use","172.19.6.38","Windows 2008 R2","us.maritz.net"
"fensqlmmp11","","Windows","In Use","172.19.6.80","Windows 2008 R2","us.maritz.net"
"fensqlmmp12","","Windows","In Use","172.19.6.89","Windows 2008 R2","us.maritz.net"
"fensqlmmp13","","Windows","In Use","172.19.6.91","Windows 2008 R2","us.maritz.net"
"fensqlmmp14","","Windows","In Use","172.19.6.98","Windows 2008 R2","us.maritz.net"
"fensqlmmp15","","Windows","In Use","172.19.6.97","Windows 2008 R2","us.maritz.net"
"fensqlmmp16","","Windows","In Use","172.19.6.96","Windows 2008 R2","us.maritz.net"
"fensqlmmp17","","Windows","In Use","172.19.6.106","Windows 2008 R2","us.maritz.net"
"fensqlmmp19","","Windows","In Use","172.19.6.83","Windows 2008 R2","us.maritz.net"
"fensqlmmp20","","Windows","In Use","172.19.6.113","Windows 2008 R2","us.maritz.net"
"fensqlmmp21","","Windows","In Use","172.19.6.123","Windows 2008 R2","us.maritz.net"
"fensqlmmp23","","Windows","In Use","156.45.55.111","Windows 2003","us.maritz.net"
"fensqlmmp24","","Windows","De-Installed","172.19.6.43","Windows Server 2012 R2 Standard R2","us.maritz.net"
"fensqlmmp25","","Windows","De-Installed","172.19.6.44","Windows Server 2012 R2 Standard R2","us.maritz.net"
"fensqlmmp26","","Windows","In Use","172.19.6.164","Windows Server 2012 R2 Standard R2","us.maritz.net"
"fensqlmms01","","Windows","In Use","172.19.6.52","Windows 2008 R2","us.maritz.net"
"fensqlmms02","","Windows","In Use","172.19.6.78","Windows 2008 R2","us.maritz.net"
"fensqlmms04","","Windows","In Use","172.19.6.84","Windows 2008 R2","us.maritz.net"
"fensqlmms06","","Windows","In Use","172.19.6.94","Windows 2008 R2","us.maritz.net"
"fensqlmms08","","Windows","In Use","172.19.6.130","Windows 2008 R2","us.maritz.net"
"fensqlmms09","","Windows","In Use","172.19.6.31","Windows 2008 R2","us.maritz.net"
"fensqlmms10","","Windows","In Use","172.19.2.46","Windows Server 2012 R2 Standard R2","us.maritz.net"
"fensqlmmt01","","Windows","In Use","172.19.2.31","Windows 2008 R2","us.maritz.net"
"fensqlmpcd02","","Windows","In Use","156.45.66.138","Windows 2008 R2","us.maritz.net"
"fensqlmpcp02","","Windows","In Use","172.19.6.50","Windows 2008 R2","us.maritz.net"
"fensqlmrd15","","Windows","In Use","172.19.2.25","Windows 2008 R2","us.maritz.net"
"fensqlmrd16","","Windows","In Use","156.45.54.159","Windows 2008 R2","us.maritz.net"
"fensqlmrd17","","Windows","In Use","156.45.54.111","Windows 2008 R2","us.maritz.net"
"fensqlmrd19","","Windows","In Use","156.45.55.77","Windows 2008 R2","us.maritz.net"
"fensqlmrd20","","Windows","In Use","172.19.2.43","Windows 2008 R2","us.maritz.net"
"fensqlmrd21","","Windows","In Use","156.45.54.30","Windows 2008 R2","us.maritz.net"
"fensqlmrd22","","Windows","In Use","156.45.54.31","Windows 2008 R2","us.maritz.net"
"fensqlmrd23","","Windows","In Use","156.45.55.108","Windows 2008 R2","us.maritz.net"
"fensqlmrd24","","Windows","In Use","156.45.54.33","Windows 2008 R2","us.maritz.net"
"fensqlmrd25","","Windows","In Use","156.45.54.35","Windows 2008 R2","us.maritz.net"
"fensqlmrd26","","Windows","In Use","172.19.2.44","Windows 2008 R2","us.maritz.net"
"fensqlmrd27","","Windows","In Use","156.45.54.14","Windows 2008 R2","us.maritz.net"
"fensqlmrp100","","Windows","In Use","172.19.6.139","Windows 2008 R2","us.maritz.net"
"fensqlmrp101","","Windows","In Use","172.19.6.141","Windows 2008 R2","us.maritz.net"
"fensqlmrp102","","Windows","In Use","172.19.6.142","Windows 2008 R2","us.maritz.net"
"fensqlmrp103","","Windows","In Use","172.19.6.143","Windows 2008 R2","us.maritz.net"
"fensqlmrp104","","Windows","In Use","172.19.6.155","Windows 2008 R2","us.maritz.net"
"fensqlmrp105","","Windows","In Use","172.19.6.153","Windows 2008 R2","us.maritz.net"
"fensqlmrp106","","Windows","In Use","172.19.6.147","Windows 2008 R2","us.maritz.net"
"fensqlmrp107","","Windows","In Use","172.19.6.148","Windows 2008 R2","us.maritz.net"
"fensqlmrp108","","Windows","In Use","172.19.6.149","Windows 2008 R2","us.maritz.net"
"fensqlmrp109","","Windows","In Use","172.19.6.151","Windows 2008 R2","us.maritz.net"
"fensqlmrp110","","Windows","In Use","172.19.6.86","Windows 2008 R2","us.maritz.net"
"fensqlmrp111","","Windows","In Use","172.19.6.152","Windows 2008 R2","us.maritz.net"
"fensqlmrp112","","Windows","In Use","172.19.6.162","Windows 2008 R2","us.maritz.net"
"fensqlmrp113","","Windows","In Use","172.19.6.60","Windows 2008 R2","us.maritz.net"
"fensqlmrp114","","Windows","In Use","172.19.6.66","Windows 2008 R2","us.maritz.net"
"fensqlmrp117","","Windows","In Use","172.19.6.30","Windows Server 2012 R2 Standard R2","us.maritz.net"
"fensqlmrp118","","Windows","In Use","172.19.6.166","Windows 2008 R2","us.maritz.net"
"fensqlmrp119","","Windows","In Use","172.19.6.34","Windows Server 2012 R2 Standard R2","us.maritz.net"
"fensqlmrp120","","Windows","In Use","172.19.6.36","Windows Server 2012 R2 Standard R2","us.maritz.net"
"fensqlmrp121","","Windows","Decommissioned","172.19.6.74","Windows 2008 R2","us.maritz.net"
"fensqlmrp126","","Windows","In Use","172.19.5.5","Windows Server 2012 R2 Standard R2","us.maritz.net"
"fensqlmrp127","","Windows","In Use","172.19.6.45","","us.maritz.net"
"fensqlmrp34","","Windows","In Use","156.45.54.157","Windows 2003","us.maritz.net"
"fensqlmrp36","","Windows","In Use","156.45.58.153","Windows 2008 R2","us.maritz.net"
"fensqlmrp46","","Windows","In Use","172.19.6.22","Windows 2008 R2","us.maritz.net"
"fensqlmrp47","","Windows","In Use","172.19.6.20","Windows 2008 R2","us.maritz.net"
"fensqlmrp48","","Windows","In Use","172.19.6.29","Windows 2008 R2","us.maritz.net"
"fensqlmrp49","","Windows","In Use","156.45.58.147","Windows 2008 R2","us.maritz.net"
"fensqlmrp50","","Windows","In Use","172.19.6.58","Windows 2008 R2","us.maritz.net"
"fensqlmrp51","","Windows","In Use","172.19.6.56","Windows 2008 R2","us.maritz.net"
"fensqlmrp52","","Windows","In Use","172.19.5.23","Windows 2008 R2","us.maritz.net"
"fensqlmrp60","","Windows","In Use","172.19.18.78","Windows 2008 R2","us.maritz.net"
"fensqlmrp67","","Windows","In Use","172.19.6.17","Windows 2008 R2","us.maritz.net"
"fensqlmrp68","","Windows","In Use","172.19.6.93","Windows 2008 R2","us.maritz.net"
"fensqlmrp69","","Windows","In Use","172.19.6.92","Windows 2008 R2","us.maritz.net"
"fensqlmrp70","","Windows","In Use","156.45.58.145","Windows 2008 R2","us.maritz.net"
"fensqlmrp71","","Windows","In Use","172.19.6.101","Windows 2008 R2","us.maritz.net"
"fensqlmrp72","","Windows","In Use","172.19.6.42","Windows 2008 R2","us.maritz.net"
"fensqlmrp73","","Windows","In Use","172.19.6.79","Windows 2008 R2","us.maritz.net"
"fensqlmrp74","","Windows","In Use","172.19.6.105","Windows 2008 R2","us.maritz.net"
"fensqlmrp75","","Windows","In Use","172.19.6.104","Windows 2008 R2","us.maritz.net"
"fensqlmrp76","","Windows","In Use","172.19.6.108","Windows 2008 R2","us.maritz.net"
"fensqlmrp78","","Windows","In Use","172.19.6.110","Windows 2008 R2","us.maritz.net"
"fensqlmrp79","","Windows","In Use","172.19.6.112","Windows 2008 R2","us.maritz.net"
"fensqlmrp81","","Windows","In Use","172.19.6.69","Windows 2008 R2","us.maritz.net"
"fensqlmrp87","","Windows","In Use","172.19.6.131","Windows 2008 R2","us.maritz.net"
"fensqlmrp88","","Windows","In Use","172.19.6.133","Windows 2008 R2","us.maritz.net"
"fensqlmrp89","","Windows","In Use","172.19.6.65","Windows 2008 R2","us.maritz.net"
"fensqlmrp90","","Windows","In Use","172.19.6.128","Windows 2008 R2","us.maritz.net"
"fensqlmrp91","","Windows","In Use","172.19.6.136","Windows 2008 R2","us.maritz.net"
"fensqlmrp92","","Windows","In Use","172.19.6.135","Windows 2008 R2","us.maritz.net"
"fensqlmrp93","","Windows","In Use","172.19.6.138","Windows 2008 R2","us.maritz.net"
"fensqlmrp94","","Windows","In Use","172.19.6.140","Windows 2008 R2","us.maritz.net"
"fensqlmrp95","","Windows","In Use","172.19.6.134","Windows 2008 R2","us.maritz.net"
"fensqlmrp96","","Windows","In Use","172.19.6.154","Windows 2008 R2","us.maritz.net"
"fensqlmrp97","","Windows","In Use","172.19.6.177","Windows 2008 R2","us.maritz.net"
"fensqlmrp98","","Windows","In Use","172.19.6.178","Windows 2008 R2","us.maritz.net"
"fensqlmrp99","","Windows","In Use","172.19.6.179","Windows 2008 R2","us.maritz.net"
"fensqlmrs07","","Windows","In Use","172.19.6.28","Windows 2008 R2","us.maritz.net"
"fensqlmrs08","","Windows","In Use","172.19.6.21","Windows 2008 R2","us.maritz.net"
"fensqlmrs09","","Windows","In Use","172.19.6.57","Windows 2008 R2","us.maritz.net"
"fensqlmrs10","","Windows","In Use","172.19.6.26","Windows 2008 R2","us.maritz.net"
"fensqlmrs13","","Windows","In Use","172.19.6.103","Windows 2008 R2","us.maritz.net"
"fensqlmrs14","","Windows","In Use","172.19.6.107","Windows 2008 R2","us.maritz.net"
"fensqlmrs15","","Windows","In Use","172.19.6.109","Windows 2008 R2","us.maritz.net"
"fensqlmrs16","","Windows","In Use","172.19.6.114","Windows 2008 R2","us.maritz.net"
"fensqlmrs17","","Windows","In Use","172.19.6.115","Windows 2008 R2","us.maritz.net"
"fensqlmrs18","","Windows","In Use","172.19.6.118","Windows 2008 R2","us.maritz.net"
"fensqlmrs19","","Windows","In Use","172.19.6.27","Windows 2008 R2","us.maritz.net"
"fensqlmrs20","","Windows","In Use","172.19.6.13","Windows 2008 R2","us.maritz.net"
"fensqlmrs25","","Windows","In Use","172.19.6.137","Windows 2008 R2","us.maritz.net"
"fensqlmrs26","","Windows","In Use","172.19.6.129","Windows 2008 R2","us.maritz.net"
"fensqlmrs27","","Windows","In Use","172.19.6.132","Windows 2008 R2","us.maritz.net"
"fensqlmrs29","","Windows","In Use","172.19.6.146","Windows 2008 R2","us.maritz.net"
"fensqlmrs30","","Windows","In Use","172.19.6.145","Windows 2008 R2","us.maritz.net"
"fensqlmrs32","","Windows","In Use","172.19.6.157","Windows 2008 R2","us.maritz.net"
"fensqlmrs34","","Windows","In Use","172.19.6.159","Windows 2008 R2","us.maritz.net"
"fensqlmrs35","","Windows","In Use","172.19.6.160","Windows 2008 R2","us.maritz.net"
"fensqlmrs36","","Windows","In Use","172.19.6.70","Windows 2008 R2","us.maritz.net"
"fensqlmrt02","","Windows","In Use","172.19.6.88","Windows 2008 R2","us.maritz.net"
"fensqlmrt03","","Windows","In Use","172.19.6.156","Windows 2008 R2","us.maritz.net"
"fensqlmrt04","","Windows","In Use","172.19.6.33","Windows Server 2012 R2 Standard R2","us.maritz.net"
"fensqlmtd02","","Windows","In Use","156.45.54.27","Windows 2008 R2","us.maritz.net"
"fensqlmtp01","","Windows","In Use","172.19.22.29","Windows 2008 R2","us.maritz.net"
"fensqlmtp02","","Windows","In Use","156.45.55.148","Windows 2008 R2","us.maritz.net"
"fensqlnicep01","","Windows","In Use","172.18.6.51","Windows 2008 R2","us.maritz.net"
"fensqlnicep02","","Windows","In Use","172.18.6.52","Windows 2008 R2","us.maritz.net"
"fensqlnicep03","","Windows","In Use","172.18.6.53","Windows 2008 R2","us.maritz.net"
"fensqlvcp03","","Windows","In Use","172.18.7.44","Windows Server 2012 R2 Standard R2","us.maritz.net"
"fentelatconp01","","Windows","In Use","172.19.20.50","Windows 2003","us.maritz.net"
"fentelcimapp01","","Windows","In Use","172.19.20.43","Windows 2003","us.maritz.net"
"fentelcimapp02","","Windows","In Use","172.19.20.44","Windows 2003","us.maritz.net"
"fentelcimsgp01","","Windows","In Use","172.19.20.45","Windows 2003","us.maritz.net"
"fentelcimsqlp01","","Windows","In Use","172.19.20.47","Windows 2003","us.maritz.net"
"fentelcimsrvp01","","Windows","In Use","172.19.20.48","Windows 2003","us.maritz.net"
"fentelcimwebp01","","Windows","In Use","172.19.20.41","Windows 2003","us.maritz.net"
"fentelcimwebp02","","Windows","In Use","172.19.20.42","Windows 2003","us.maritz.net"
"fentelcupmp01","","Windows","In Use","172.19.20.49","Windows 2003","us.maritz.net"
"fentelcvpp01","","Windows","In Use","172.19.20.40","Windows 2003","us.maritz.net"
"fentelrogp01","","Windows","In Use","172.19.20.30","Windows 2003","us.maritz.net"
"fentelsqlp01","","Windows","In Use","172.19.20.46","Windows 2003","us.maritz.net"
"fentelvrup01","","Windows","In Use","172.19.20.31","Windows 2003","us.maritz.net"
"fentelvrup02","","Windows","In Use","172.19.20.32","Windows 2003","us.maritz.net"
"fentelvxmp01","","Windows","In Use","172.19.20.33","Windows 2003","us.maritz.net"
"fentelvxmp02","","Windows","In Use","172.19.20.34","Windows 2003","us.maritz.net"
"fentslcns01","","Windows","In Use","156.45.50.114","Windows 2003","us.maritz.net"
"fentsmgmt02","","Windows","In Use","156.45.52.138","Windows 2003","us.maritz.net"
"fentsvr01","","Windows","Decommissioned","156.45.53.141","Windows 2003","us.maritz.net"
"fentsvr03","","Windows","In Use","156.45.53.143","Windows 2003","us.maritz.net"
"fentsvr07","","Windows","In Use","156.45.53.147","Windows 2003","us.maritz.net"
"fentsvr100","","Windows","Retired","156.45.53.180","Windows 2003","us.maritz.net"
"fentsvr1004","","Windows","In Use","172.18.2.250","Windows 2003","us.maritz.net"
"fentsvr1007","","Windows","In Use","156.45.55.43","Windows 2003","us.maritz.net"
"fentsvr1008","","Windows","In Use","172.19.6.250","Windows 2003","us.maritz.net"
"fentsvr1011","","Windows","In Use","172.19.2.250","Windows 2003","us.maritz.net"
"fentsvr1014","","Windows","In Use","172.19.18.250","Windows 2008 R2","us.maritz.net"
"fentsvr1015","","Windows","In Use","172.19.22.250","Windows 2008 R2","us.maritz.net"
"fentsvr1016","","Windows","In Use","172.19.8.250","Windows 2008 R2","us.maritz.net"
"fentsvr1017","","Windows","In Use","172.19.7.250","Windows 2008 R2","us.maritz.net"
"fentsvr1018","","Windows","In Use","172.19.4.250","Windows 2008 R2","us.maritz.net"
"fentsvr1019","","Windows","In Use","172.19.3.250","Windows 2008 R2","us.maritz.net"
"fentsvr1021","","Windows","In Use","172.19.17.250","Windows 2008 R2","us.maritz.net"
"fentsvr1023","","Windows","In Use","172.18.3.250","Windows 2008 R2","us.maritz.net"
"fentsvr1025","","Windows","In Use","172.19.20.250","Windows 2008 R2","us.maritz.net"
"fentsvr1027","","Windows","In Use","172.19.2.251","Windows 2008 R2","us.maritz.net"
"fentsvr103","","Windows","Retired","156.45.53.183","Windows 2003","us.maritz.net"
"fentsvr1030","","Windows","In Use","156.45.58.146","Windows 2008 R2","us.maritz.net"
"fentsvr1031","","Windows","In Use","172.19.6.251","Windows 2008 R2","us.maritz.net"
"fentsvr104","","Windows","In Use","156.45.53.184","Windows 2003","us.maritz.net"
"fentsvr109","","Windows","In Use","156.45.53.189","Windows 2003","us.maritz.net"
"fentsvr111","","Windows","Retired","156.45.53.191","Windows 2003","us.maritz.net"
"fentsvr114","","Windows","In Use","156.45.53.194","Windows 2003","us.maritz.net"
"fentsvr115","","Windows","In Use","156.45.53.195","Windows 2003","us.maritz.net"
"fentsvr117","","Windows","In Use","156.45.53.197","Windows 2003","us.maritz.net"
"fentsvr13","","Windows","In Use","156.45.53.153","Windows 2003","us.maritz.net"
"fentsvr401","","Windows","In Use","156.45.52.61","Windows 2008 R2","us.maritz.net"
"fentsvr502","","Windows","Decommissioned","156.45.52.52","Windows 2008 R2","us.maritz.net"
"fentsvr503","","Windows","Decommissioned","156.45.52.53","Windows 2008 R2","us.maritz.net"
"fentsvr504","","Windows","Decommissioned","156.45.52.54","Windows 2008 R2","us.maritz.net"
"fentsvr505","","Windows","Decommissioned","156.45.52.55","Windows 2008 R2","us.maritz.net"
"fentsvr506","","Windows","Decommissioned","156.45.52.56","Windows 2008 R2","us.maritz.net"
"fentsvr507","","Windows","Decommissioned","156.45.52.57","Windows 2008 R2","us.maritz.net"
"fentsvr801v","","Windows","In Use","156.45.55.115","Windows 2008 R2","us.maritz.net"
"fentsvr803v","","Windows","In Use","172.18.1.250","Windows 2003","us.maritz.net"
"fentsvr804v","","Windows","In Use","156.45.55.53","Windows 2003","us.maritz.net"
"fenumfax01","","Windows","In Use","156.45.53.60","Windows 2008 R2","us.maritz.net"
"fenumfax02","","Windows","Installed","156.45.53.80","Windows Server 2012 Standard","us.maritz.net"
"fenummsgp05","","Windows","In Use","156.45.53.73","Windows 2008 R2","us.maritz.net"
"fenummsgp06","","Windows","In Use","156.45.53.74","Windows 2008 R2","us.maritz.net"
"fenwapafisd501v","","Windows","In Use","156.45.55.102","Windows 2003","us.maritz.net"
"fenwapafisp01","","Windows","In Use","156.45.55.124","Windows 2003","us.maritz.net"
"fenwapbsmp01","","Windows","In Use","10.99.12.20","Windows 2008 R2","us.maritz.net"
"fenwapcsip01","","Windows","In Use","172.19.8.39","Windows 2008 R2","us.maritz.net"
"fenwapmapd01","","Windows","Retired","156.45.50.59","Windows 2003","us.maritz.net"
"fenwapmapp04","","Windows","Retired","156.45.55.160","Windows 2003","us.maritz.net"
"fenwapmapp05","","Windows","Retired","10.99.12.31","Windows 2003","us.maritz.net"
"fenwapmapp11","","Windows","Retired","156.45.50.169","Windows 2003","us.maritz.net"
"fenwapmapp13","","Windows","Retired","156.45.55.35","Windows 2003","us.maritz.net"
"fenwapmapp14","","Windows","Retired","10.99.12.39","Windows 2003","us.maritz.net"
"fenwapmaps02","","Windows","Retired","156.45.50.143","Windows 2003","us.maritz.net"
"fenwapmcp03","","Windows","In Use","156.45.55.206","Windows 2003","us.maritz.net"
"fenwapmcp05","","Windows","In Use","156.45.55.67","Windows 2003","us.maritz.net"
"fenwapmcp06","","Windows","In Use","156.45.55.68","Windows 2003","us.maritz.net"
"fenwapmcp09","","Windows","In Use","156.45.55.161","Windows 2008 R2","us.maritz.net"
"fenwapmcp11","","Windows","In Use","156.45.55.45","Windows Server 2012 R2 Standard R2","us.maritz.net"
"fenwapmcs02","","Windows","In Use","156.45.55.62","Windows 2008 R2","us.maritz.net"
"fenwapmcs03","","Windows","In Use","156.45.55.139","Windows Server 2012 R2 Standard R2","us.maritz.net"
"fenwapmcs801v","","Windows","In Use","156.45.55.231","Windows 2003","us.maritz.net"
"fenwapmesp02","","Windows","In Use","156.45.54.135","Windows 2003","us.maritz.net"
"fenwapmgd02","","Windows","In Use","156.45.66.52","Windows 2003","us.maritz.net"
"fenwapmgd04","","Windows","In Use","10.99.12.34","Windows 2008 R2","us.maritz.net"
"fenwapmgd05","","Windows","In Use","172.19.23.31","Windows Server 2012 Standard","us.maritz.net"
"fenwapmgd06","","Windows","In Use","172.19.8.65","Windows 2008 R2","us.maritz.net"
"fenwapmgd07","","Windows","In Use","10.99.12.41","Windows Server 2012 R2 Standard R2","us.maritz.net"
"fenwapmgd08","","Windows","Build/Rebuild","156.45.66.237","Windows Server 2012 R2 Standard R2","us.maritz.net"
"fenwapmgp02","","Windows","In Use","156.45.54.81","Windows 2003","us.maritz.net"
"fenwapmgp02-new","","","","156.45.54.82","","us.maritz.net"
"fenwapmgp03","","Windows","In Use","156.45.54.147","Windows 2003","us.maritz.net"
"fenwapmgp04","","Windows","In Use","156.45.55.63","Windows Server 2012 R2 Standard R2","us.maritz.net"
"fenwapmgp09","","Windows","In Use","172.19.23.12","Windows 2008 R2","us.maritz.net"
"fenwapmgp10","","Windows","In Use","172.19.23.8","Windows 2008 R2","us.maritz.net"
"fenwapmgp11","","Windows","In Use","10.99.12.35","Windows 2008 R2","us.maritz.net"
"fenwapmgp12","","Windows","In Use","10.99.12.36","Windows 2008 R2","us.maritz.net"
"fenwapmgp13","","Windows","In Use","172.19.23.57","Windows Server 2012 Standard","us.maritz.net"
"fenwapmgp14","","Windows","In Use","172.19.23.55","Windows Server 2012 Standard","us.maritz.net"
"fenwapmgp17","","Windows","In Use","156.45.55.30","Windows 2008 R2","us.maritz.net"
"fenwapmgp22","","Windows","In Use","156.45.54.98","Windows Server 2012 R2 Standard R2","us.maritz.net"
"fenwapmgs01","","Windows","In Use","156.45.54.47","Windows Server 2012 Standard","us.maritz.net"
"fenwapmgs02","","Windows","In Use","156.45.54.247","Windows Server 2012 R2 Standard R2","us.maritz.net"
"fenwapmgs03","","Windows","In Use","156.45.54.248","Windows 2003","us.maritz.net"
"fenwapmgs04","","Windows","In Use","172.19.23.10","Windows 2008 R2","us.maritz.net"
"fenwapmgs06","","Windows","In Use","172.19.23.48","Windows Server 2012 Standard","us.maritz.net"
"fenwapmgs07","","Windows","In Use","172.19.23.49","Windows Server 2012 Standard","us.maritz.net"
"fenwapmgt11","","Windows","In Use","10.99.12.37","Windows 2008 R2","us.maritz.net"
"fenwapmgt12","","Windows","In Use","10.99.12.38","Windows 2008 R2","us.maritz.net"
"fenwapmlmd10","","Windows","In Use","156.45.66.232","Windows 2003","us.maritz.net"
"fenwapmlmd11","","Windows","In Use","156.45.66.198","Windows 2003","us.maritz.net"
"fenwapmlmd12","","Windows","In Use","156.45.66.197","Windows 2003","us.maritz.net"
"fenwapmlmd15","","Windows","In Use","156.45.66.77","Windows 2003","us.maritz.net"
"fenwapmlmp79","maritz.com","Windows","Retired","156.45.50.145","Windows 2003","us.maritz.net"
"fenwapmlms04","","Windows","Retired","156.45.66.79","Windows 2003","us.maritz.net"
"fenwapmlms20","","Windows","Retired","172.18.2.25","Windows 2003","us.maritz.net"
"fenwapmmd01","","Windows","In Use","156.45.66.181","Windows 2003","us.maritz.net"
"fenwapmmd03","us.maritz.net","Windows","In Use","172.19.3.21","Windows 2008 R2","us.maritz.net"
"fenwapmmd04","us.maritz.net","Windows","In Use","172.19.3.22","Windows 2008 R2","us.maritz.net"
"fenwapmmd05","","Windows","Build/Rebuild","156.45.66.215","Windows Server 2012 R2 Standard R2","us.maritz.net"
"fenwapmmd06","us.maritz.net","Windows","In Use","156.45.66.15","Windows Server 2012 R2 Standard R2","us.maritz.net"
"fenwapmmd07","us.maritz.net","Windows","Build/Rebuild","156.45.66.75","Windows Server 2012 R2 Standard R2","us.maritz.net"
"fenwapmmp01","","Windows","In Use","156.45.50.75","Windows 2003","us.maritz.net"
"fenwapmmp03","","Windows","In Use","156.45.55.83","Windows 2003","us.maritz.net"
"fenwapmmp05","","Windows","In Use","156.45.55.123","Windows 2003","us.maritz.net"
"fenwapmmp08","us.maritz.net","Windows","In Use","172.19.6.77","Windows 2008 R2","us.maritz.net"
"fenwapmmp12","us.maritz.net","Windows","In Use","172.19.7.44","Windows 2008 R2","us.maritz.net"
"fenwapmmp13","","Windows","In Use","156.45.55.199","Windows 2008 R2","us.maritz.net"
"fenwapmmp14","","Windows","In Use","156.45.55.126","Windows 2008 R2","us.maritz.net"
"fenwapmmp15","us.maritz.net","Windows","In Use","156.45.55.94","Windows 2008 R2","us.maritz.net"
"fenwapmmp16","","Windows","Retired","156.45.55.95","Windows 2008 R2","us.maritz.net"
"fenwapmmp26","","Windows","In Use","156.45.50.43","Windows 2008 R2","us.maritz.net"
"fenwapmmp27","","Windows","In Use","156.45.50.47","Windows 2008 R2","us.maritz.net"
"fenwapmmp29","","Windows","Retired","156.45.55.99","Windows 2008 R2","us.maritz.net"
"fenwapmmp30","","Windows","Retired","156.45.50.191","Windows 2008 R2","us.maritz.net"
"fenwapmmp32","","Windows","Retired","156.45.50.199","Windows 2008 R2","us.maritz.net"
"fenwapmmp33","","Windows","Retired","156.45.50.202","Windows 2008 R2","us.maritz.net"
"fenwapmmp34","","Windows","Retired","156.45.50.205","Windows 2008 R2","us.maritz.net"
"fenwapmmp36","","Windows","In Use","156.45.50.163","Windows 2008 R2","us.maritz.net"
"fenwapmmp37","us.maritz.net","Windows","In Use","156.45.50.226","Windows 2008 R2","us.maritz.net"
"fenwapmmp38","","Windows","In Use","156.45.50.165","Windows 2008 R2","us.maritz.net"
"fenwapmmp39","us.maritz.net","Windows","In Use","156.45.50.241","Windows 2008 R2","us.maritz.net"
"fenwapmmp40","","Windows","In Use","156.45.50.52","Windows Server 2012 R2 Standard R2","us.maritz.net"
"fenwapmmp45","","Windows","In Use","156.45.54.146","Windows Server 2012 R2 Standard R2","us.maritz.net"
"fenwapmmp46","","Windows","In Use","156.45.54.167","Windows Server 2012 R2 Standard R2","us.maritz.net"
"fenwapmms01","","Windows","Retired","172.19.3.52","Windows 2003","us.maritz.net"
"fenwapmms05","us.maritz.net","Windows","In Use","156.45.66.41","Windows 2008 R2","us.maritz.net"
"fenwapmms06","us.maritz.net","Windows","Installed","172.18.2.23","Windows Server 2012 R2 Standard R2","us.maritz.net"
"fenwapmms07","","Windows","In Use","156.45.66.12","Windows Server 2012 R2 Standard R2","us.maritz.net"
"fenwapmms08","","Windows","In Use","172.19.3.100","Windows Server 2012 R2 Standard R2","us.maritz.net"
"fenwapmrp16","","Windows","In Use","172.19.8.56","Windows 2003","us.maritz.net"
"fenwapmrp17","","Windows","In Use","172.19.8.57","Windows 2003","us.maritz.net"
"fenwapmrp19","","Windows","Retired","172.19.7.22","Windows 2003","us.maritz.net"
"fenwapmrp20","","Windows","In Use","156.45.58.152","Windows 2003","us.maritz.net"
"fenwapmrp21","","Windows","In Use","172.19.7.45","Windows 2003","us.maritz.net"
"fenwapmrp22","","Windows","In Use","172.19.18.32","Windows 2008 R2","us.maritz.net"
"fenwapmrp23","","Windows","In Use","172.19.18.21","Windows 2008 R2","us.maritz.net"
"fenwapmrp25","","Windows","In Use","172.19.7.91","Windows Server 2012 R2 Standard R2","us.maritz.net"
"fenwapmrp26","","Windows","Build/Rebuild","172.19.8.70","Windows Server 2012 R2 Standard R2","us.maritz.net"
"fenwapmrp27","","Windows","Build/Rebuild","172.19.8.71","","us.maritz.net"
"fenwapmrp28","","Windows","Build/Rebuild","156.45.58.158","","us.maritz.net"
"fenwapmtp27","","Windows","In Use","156.45.55.183","Windows 2003","us.maritz.net"
"fenwapmtp28","","Windows","In Use","156.45.55.167","Windows 2003","us.maritz.net"
"fenwapmtp38","","Windows","In Use","156.45.55.170","Windows 2008 R2","us.maritz.net"
"fenwapmtp41","","Windows","In Use","156.45.54.174","Windows 2008 R2","us.maritz.net"
"fenwapmtp42","","Windows","In Use","156.45.54.176","Windows 2008 R2","us.maritz.net"
"fenwapmtp43","","Windows","In Use","156.45.54.178","Windows 2008 R2","us.maritz.net"
"fenwapmtp44","","Windows","In Use","156.45.54.180","Windows 2008 R2","us.maritz.net"
"fenwapmtp45","","Windows","In Use","156.45.54.181","Windows 2008 R2","us.maritz.net"
"fenwapmtp46","","Windows","In Use","172.19.22.28","Windows 2008 R2","us.maritz.net"
"fenwapmtp49","","Windows","Installed","156.45.55.175","Windows Server 2012 R2 Standard R2","us.maritz.net"
"fenwapmtp50","","Windows","Build/Rebuild","156.45.55.165","Windows Server 2012 R2 Standard R2","us.maritz.net"
"fenwapmtp51","","Windows","Build/Rebuild","156.45.55.166","Windows Server 2012 R2 Standard R2","us.maritz.net"
"fenwapmts12","","Windows","In Use","156.45.55.56","Windows 2008 R2","us.maritz.net"
"fenwapmts13","","Windows","In Use","156.45.55.200","Windows 2008 R2","us.maritz.net"
"fenwapmts16","","Windows","In Use","156.45.66.176","Windows 2008 R2","us.maritz.net"
"fenwapmts17","","Windows","In Use","172.19.22.27","Windows 2008 R2","us.maritz.net"
"fenwapmts20","","Windows","In Use","156.45.55.140","Windows Server 2012 R2 Standard R2","us.maritz.net"
"fenwapnmsp02","maritz.com","Windows","In Use","156.45.54.100","Windows 2008 R2","us.maritz.net"
"fenwapnmsp05","","Windows","In Use","156.45.54.32","Windows Server 2012 R2 Standard R2","us.maritz.net"
"fenwapnmsp06","","Windows","In Use","156.45.55.31","Windows Server 2012 R2 Standard R2","us.maritz.net"
"fenwapnmsp07","","Windows","In Use","10.99.12.22","Windows Server 2012 R2 Standard R2","us.maritz.net"
"fenwapnmsp08","","Windows","In Use","10.99.12.26","Windows Server 2012 R2 Standard R2","us.maritz.net"
"fenwapnmsp11","","Windows","In Use","156.45.50.21","Windows Server 2012 R2 Standard R2","us.maritz.net"
"fenwapnmsp12","","Windows","In Use","10.99.12.27","Windows Server 2012 R2 Standard R2","us.maritz.net"
"fenwapnmsp13","","Windows","In Use","10.99.12.28","Windows Server 2012 R2 Standard R2","us.maritz.net"
"fenwapnmsp14","","Windows","In Use","10.99.12.29","Windows Server 2012 R2 Standard R2","us.maritz.net"
"fenwapnmsp17","","Windows","In Use","156.45.55.33","Windows Server 2012 R2 Standard R2","us.maritz.net"
"fenwapscs01","","Windows","Retired","156.45.66.83","Windows 2003","us.maritz.net"
"fenwapsisd01","","Windows","In Use","156.45.66.228","Windows 2008 R2","us.maritz.net"
"fenwapsmp02","","Windows","Retired","156.45.50.236","Windows 2003","us.maritz.net"
"fenwaptfsd08","","Windows","In Use","172.19.23.82","Windows Server 2012 Standard","us.maritz.net"
"fenwaptfsd09","","Windows","In Use","156.45.66.134","Windows Server 2012 Standard","us.maritz.net"
"fenwaptfsp07","","Windows","In Use","172.19.23.69","Windows Server 2012 Standard","us.maritz.net"
"fenwaptfsp08","","Windows","In Use","156.45.54.36","Windows Server 2012 Standard","us.maritz.net"
"fenwaptfsp09","","Windows","In Use","172.19.23.90","Windows Server 2012 Standard","us.maritz.net"
"fenwapucmdbd03","","Windows","Retired","156.45.55.117","Windows 2008 R2","us.maritz.net"
"fenwapucmdbp01","","Windows","To Be Disposed - AM","156.45.55.227","Windows 2003","us.maritz.net"
"fenwapucmdbp02","","Windows","Retired","156.45.55.16","Windows 2003","us.maritz.net"
"fenwapucmdbp04","","Windows","Retired","172.19.9.22","Windows 2008 R2","us.maritz.net"
"fenwapucmdbs01","","Windows","Retired","172.19.9.21","Windows 2008 R2","us.maritz.net"
"fenwdbmmp01","","Windows","In Use","172.19.6.82","Windows 2008 R2","us.maritz.net"
"fenwdsp01","","Windows","In Use","156.45.65.62","Windows Server 2012 R2 Standard R2","us.maritz.net"
"fenwdsp02","","Windows","In Use","156.45.65.51","","us.maritz.net"
"fenwebcsid01","","Windows","In Use","156.45.66.51","Windows 2008 R2","us.maritz.net"
"fenwebmgd04","","Windows","In Use","156.45.66.151","Windows Server 2012 Standard","us.maritz.net"
"fenwebmgd22","","Windows","In Use","156.45.66.205","Windows 2008 R2","us.maritz.net"
"fenwebmgd25","us.maritz.net","Windows","In Use","172.19.23.37","Windows Server 2012 Standard","us.maritz.net"
"fenwebmgd26","us.maritz.net","Windows","In Use","172.19.8.27","Windows 2008 R2","us.maritz.net"
"fenwebmgd27","","Windows","In Use","156.45.54.51","Windows 2008 R2","us.maritz.net"
"fenwebmgd28","","Windows","In Use","156.45.66.135","Windows Server 2012 Standard","us.maritz.net"
"fenwebmgd29","","Windows","In Use","156.45.50.162","Windows 2008 R2","us.maritz.net"
"fenwebmgmp04","","Windows","In Use","156.45.55.51","Windows 2003","us.maritz.net"
"fenwebmgmp04-new","","","","156.45.55.245","","us.maritz.net"
"fenwebmgp43","","Windows","In Use","156.45.55.232","Windows Server 2012 R2 Standard R2","us.maritz.net"
"fenwebmgp45","","Windows","In Use","156.45.54.158","Windows Server 2012 R2 Standard R2","us.maritz.net"
"fenwebmgp47","","Windows","In Use","156.45.54.170","Windows Server 2012 R2 Standard R2","us.maritz.net"
"fenwebmgp48","","Windows","In Use","156.45.54.12","Windows 2003","us.maritz.net"
"fenwebmgp48-new","us.maritz.net","","","156.45.54.121","","us.maritz.net"
"fenwebmgp55","","Windows","In Use","156.45.55.42","Windows Server 2012 R2 Standard R2","us.maritz.net"
"fenwebmgp62","","Windows","In Use","172.19.8.30","Windows Server 2012 R2 Standard R2","us.maritz.net"
"fenwebmgp71","","Windows","In Use","172.19.23.23","Windows 2008 R2","us.maritz.net"
"fenwebmgp73","","Windows","In Use","172.19.23.13","Windows 2008 R2","us.maritz.net"
"fenwebmgp74","","Windows","In Use","172.19.23.24","Windows 2008 R2","us.maritz.net"
"fenwebmgp75","us.maritz.net","Windows","In Use","172.19.8.26","Windows 2008 R2","us.maritz.net"
"fenwebmgp76","us.maritz.net","Windows","In Use","172.19.8.25","Windows 2008 R2","us.maritz.net"
"fenwebmgp77","","Windows","In Use","156.45.55.155","Windows 2003","us.maritz.net"
"fenwebmgp81","","Windows","In Use","172.19.23.53","Windows Server 2012 Standard","us.maritz.net"
"fenwebmgp82","us.maritz.net","Windows","In Use","172.19.23.46","Windows Server 2012 Standard","us.maritz.net"
"fenwebmgp83","us.maritz.net","Windows","In Use","172.19.23.47","Windows Server 2012 Standard","us.maritz.net"
"fenwebmgp85","","Windows","In Use","172.19.8.68","Windows 2008 R2","us.maritz.net"
"fenwebmgp86","","Windows","In Use","156.45.54.133","Windows 2008 R2","us.maritz.net"
"fenwebmgp87","","Windows","In Use","172.19.8.49","Windows 2008 R2","us.maritz.net"
"fenwebmgp88","","Windows","In Use","172.19.8.51","Windows 2008 R2","us.maritz.net"
"fenwebmgp89","","Windows","In Use","156.45.55.105","Windows 2008 R2","us.maritz.net"
"fenwebmgp90","","Windows","Build/Rebuild","156.45.54.106","Windows 2008 R2","us.maritz.net"
"fenwebmgp91","","Windows","Build/Rebuild","156.45.54.117","Windows 2008 R2","us.maritz.net"
"fenwebmgs13","","Windows","In Use","156.45.54.238","Windows Server 2012 R2 Standard R2","us.maritz.net"
"fenwebmgs16","","Windows","In Use","172.19.23.22","Windows 2008 R2","us.maritz.net"
"fenwebmgs19","","Windows","In Use","172.19.23.40","Windows Server 2012 Standard","us.maritz.net"
"fenwebmgs20","us.maritz.net","Windows","In Use","172.19.23.41","Windows Server 2012 Standard","us.maritz.net"
"fenwebmgt03","","Windows","In Use","156.45.66.86","Windows 2003","us.maritz.net"
"fenwebmld02","","Windows","In Use","156.45.66.84","Windows 2003","us.maritz.net"
"fenwebmld03","","Windows","In Use","156.45.66.45","Windows 2003","us.maritz.net"
"fenwebmlmd09","","Windows","In Use","156.45.66.199","Windows 2003","us.maritz.net"
"fenwebmlmd10","maritz.com","Windows","In Use","156.45.66.231","Windows 2003","us.maritz.net"
"fenwebmlmp106","","Windows","In Use","156.45.54.39","Windows 2003","us.maritz.net"
"fenwebmlmp110","","Windows","In Use","156.45.55.69","Windows 2003","us.maritz.net"
"fenwebmlmp88","","Windows","Retired","156.45.50.123","Windows 2003","us.maritz.net"
"fenwebmlms25","","Windows","Retired","172.18.3.30","Windows 2003","us.maritz.net"
"fenwebmmd01","","Windows","In Use","156.45.66.10","Windows 2008 R2","us.maritz.net"
"fenwebmmd02","","Windows","In Use","156.45.66.103","Windows 2003","us.maritz.net"
"fenwebmmd04","","Windows","In Use","156.45.66.88","Windows 2008 R2","us.maritz.net"
"fenwebmmd05","us.maritz.net","Windows","In Use","172.19.4.30","Windows 2008 R2","us.maritz.net"
"fenwebmmd06","","Windows","In Use","156.45.66.97","Windows 2008 R2","us.maritz.net"
"fenwebmmd08","","Windows","Installed","156.45.66.33","Windows 2008 R2","us.maritz.net"
"fenwebmmd09","","Windows","Installed","156.45.66.29","Windows 2008 R2","us.maritz.net"
"fenwebmmd10","us.maritz.net","Windows","Installed","156.45.66.100","","us.maritz.net"
"fenwebmmd11","","Windows","Build/Rebuild","156.45.66.107","Windows Server 2012 R2 Standard R2","us.maritz.net"
"fenwebmmd12","","Windows","Build/Rebuild","156.45.66.9","Windows Server 2012 R2 Standard R2","us.maritz.net"
"fenwebmmp52","","Windows","In Use","156.45.54.55","Windows 2008 R2","us.maritz.net"
"fenwebmmp53","","Windows","In Use","156.45.54.23","Windows 2008 R2","us.maritz.net"
"fenwebmmp56","","Windows","In Use","156.45.50.77","Windows Server 2012 R2 Standard R2","us.maritz.net"
"fenwebmms19","","Windows","In Use","156.45.54.16","Windows 2008 R2","us.maritz.net"
"fenwebmpd07","","Windows","In Use","156.45.66.143","Windows 2003","us.maritz.net"
"fenwebmpd15","","Windows","In Use","156.45.66.185","Windows 2003","us.maritz.net"
"fenwebmpd16","","Windows","In Use","156.45.66.40","Windows 2003","us.maritz.net"
"fenwebmrd12","","Windows","In Use","156.45.66.233","Windows 2003","us.maritz.net"
"fenwebmrd17","","Windows","In Use","156.45.66.95","Windows 2003","us.maritz.net"
"fenwebmrd18","","Windows","In Use","156.45.66.206","Windows 2003","us.maritz.net"
"fenwebmrd19","","Windows","In Use","156.45.66.245","Windows 2008 R2","us.maritz.net"
"fenwebmrd21","us.maritz.net","Windows","In Use","156.45.66.128","Windows 2008 R2","us.maritz.net"
"fenwebmrd24","us.maritz.net","Windows","In Use","156.45.66.36","Windows 2008 R2","us.maritz.net"
"fenwebmrd25","us.maritz.net","Windows","In Use","156.45.66.42","","us.maritz.net"
"fenwebmrd26","","Windows","Build/Rebuild","156.45.66.32","","us.maritz.net"
"fenwebmrd27","us.maritz.net","Windows","Build/Rebuild","156.45.66.81","","us.maritz.net"
"fenwebmrd28","","Windows","In Use","156.45.66.136","Windows Server 2012 R2 Standard R2","us.maritz.net"
"fenwebmrp100","","Windows","In Use","172.19.5.60","Windows 2003","us.maritz.net"
"fenwebmrp105","","Windows","In Use","172.19.6.25","Windows 2003","us.maritz.net"
"fenwebmrp110","","Windows","In Use","172.19.6.24","Windows 2008 R2","us.maritz.net"
"fenwebmrp135","","Windows","Build/Rebuild","172.19.5.46","Windows Server 2012 R2 Standard R2","us.maritz.net"
"fenwebmrp139","","Windows","Build/Rebuild","172.19.6.55","Windows Server 2012 R2 Standard R2","us.maritz.net"
"fenwebmrp142","","Windows","Build/Rebuild","156.45.55.157","","us.maritz.net"
"fenwebmrp61","","Windows","In Use","156.45.55.93","Windows 2003","us.maritz.net"
"fenwebmrp94","","Windows","In Use","156.45.55.101","Windows 2003","us.maritz.net"
"fenwebmtd06","us.maritz.net","Windows","In Use","156.45.66.28","Windows 2008 R2","us.maritz.net"
"fenwebmts17","us.maritz.net","Windows","In Use","156.45.66.69","Windows 2008 R2","us.maritz.net"
"fenwebmts22","us.maritz.net","Windows","In Use","156.45.66.140","Windows 2008 R2","us.maritz.net"
"fenwebnicep01","","Windows","In Use","172.18.6.61","Windows 2008 R2","us.maritz.net"
"fenwebops09","","Windows","In Use","156.45.54.104","Windows 2003","us.maritz.net"
"fenwebqtpp01","","Windows","In Use","172.19.7.26","Windows 2003","us.maritz.net"
"fenwebrewd801v","maritz.com","Windows","In Use","156.45.55.217","Windows 2003","us.maritz.net"
"fenwebscd01","","Windows","Retired","156.45.66.226","Windows 2003","us.maritz.net"
"fenwebscs01","","Windows","Retired","156.45.66.139","Windows 2003","us.maritz.net"
"fenwins01","","Windows","In Use","156.45.65.57","Windows 2003","us.maritz.net"
"fenxenappd046","","","","156.45.82.246","","us.maritz.net"
"fenxenappd052","","Windows","In Use","156.45.82.250","Windows 2008 R2","us.maritz.net"
"fenxenappd053","","Windows","In Use","156.45.82.251","Windows 2008 R2","us.maritz.net"
"fenxenappd056","","Windows","Build/Rebuild","156.45.82.228","Windows 2008 R2","us.maritz.net"
"fenxenappd057","","Windows","Build/Rebuild","156.45.82.252","Windows 2008 R2","us.maritz.net"
"fenxenappp020","","Windows","In Use","10.55.1.20","Windows 2008 R2","us.maritz.net"
"fenxenappp021","","Windows","Retired","10.55.1.21","Windows 2008 R2","us.maritz.net"
"fenxenappp029","","Windows","Build/Rebuild","156.45.82.29","Windows 2008 R2","us.maritz.net"
"fenxenappp030","","Windows","In Use","156.45.82.30","Windows 2008 R2","us.maritz.net"
"fenxenappp031","","Windows","In Use","156.45.82.31","Windows 2008 R2","us.maritz.net"
"fenxenappp032","","Windows","In Use","156.45.82.32","Windows 2008 R2","us.maritz.net"
"fenxenappp033","","Windows","In Use","156.45.82.33","Windows 2008 R2","us.maritz.net"
"fenxenappp034","","Windows","In Use","156.45.82.34","Windows 2008 R2","us.maritz.net"
"fenxenappp035","","Windows","In Use","156.45.82.35","Windows 2008 R2","us.maritz.net"
"fenxenappp036","","Windows","In Use","156.45.82.36","Windows 2008 R2","us.maritz.net"
"fenxenappp037","","Windows","Build/Rebuild","156.45.82.37","Windows 2008 R2","us.maritz.net"
"fenxenappp038","","Windows","Build/Rebuild","156.45.82.38","Windows 2008 R2","us.maritz.net"
"fenxenappp039","","Windows","In Use","156.45.82.39","Windows 2008 R2","us.maritz.net"
"fenxenappp040","","Windows","In Use","156.45.82.40","","us.maritz.net"
"fenxenappp041","","Windows","In Use","156.45.82.41","","us.maritz.net"
"fenxenappp042","","Windows","In Use","156.45.82.42","","us.maritz.net"
"fenxenappp043","","Windows","In Use","156.45.82.43","","us.maritz.net"
"fenxenappp044","","Windows","In Use","156.45.82.44","","us.maritz.net"
"fenxenappp045","","Windows","In Use","156.45.82.45","Windows 2008 R2","us.maritz.net"
"fenxenappp046","","","","156.45.82.46","","us.maritz.net"
"fenxenappp060","","Windows","Build/Rebuild","156.45.82.60","Windows 2008 R2","us.maritz.net"
"fenxenappp061","","Windows","Build/Rebuild","156.45.82.61","Windows 2008 R2","us.maritz.net"
"fenxenappp070","","Windows","In Use","156.45.82.70","Windows 2008 R2","us.maritz.net"
"fenxenappp071","","Windows","In Use","156.45.82.71","Windows 2008 R2","us.maritz.net"
"fenxenappp072","","Windows","In Use","156.45.82.72","Windows 2008 R2","us.maritz.net"
"fenxenappp073","","Windows","In Use","156.45.82.73","Windows 2008 R2","us.maritz.net"
"fenxenappp076","","Windows","In Use","156.45.82.76","","us.maritz.net"
"fenxenappp081","","Windows","In Use","10.55.1.81","Windows 2008 R2","us.maritz.net"
"fenxenappp082","","Windows","In Use","10.55.1.82","Windows 2008 R2","us.maritz.net"
"fenxenappp083","","Windows","In Use","10.55.1.83","Windows 2008 R2","us.maritz.net"
"fenxenappp090","","","","156.45.82.90","","us.maritz.net"
"fenxenappp103","","Windows","In Use","156.45.82.103","Windows 2008 R2","us.maritz.net"
"fenxenappp105","","Windows","In Use","156.45.82.105","Windows 2008 R2","us.maritz.net"
"fenxenappp108","","Windows","In Use","156.45.82.108","Windows 2008 R2","us.maritz.net"
"fenxenappp111","","Windows","In Use","156.45.82.111","Windows 2008 R2","us.maritz.net"
"fenxenappp112","","Windows","In Use","156.45.82.112","Windows 2008 R2","us.maritz.net"
"fenxenappp113","","Windows","Decommissioned","156.45.82.113","Windows 2008 R2","us.maritz.net"
"fenxenappp140","","Windows","In Use","156.45.82.140","Windows 2008 R2","us.maritz.net"
"fenxenappp142","","Windows","In Use","156.45.82.142","Windows 2008 R2","us.maritz.net"
"fenxenappp143","","Windows","In Use","156.45.82.143","Windows 2008 R2","us.maritz.net"
"fenxenappp144","","Windows","In Use","156.45.82.144","Windows 2008 R2","us.maritz.net"
"fenxenappp146","","Windows","In Use","156.45.82.146","","us.maritz.net"
"fenxenappp147","","Windows","In Use","156.45.82.147","","us.maritz.net"
"fenxenappp148","","Windows","In Use","156.45.82.148","","us.maritz.net"
"fenxenappp149","","Windows","In Use","156.45.82.149","","us.maritz.net"
"fenxenappp150","","Windows","In Use","156.45.82.150","","us.maritz.net"
"fenxenappp151","","Windows","In Use","156.45.82.151","","us.maritz.net"
"fenxenappp152","","Windows","In Use","156.45.82.152","","us.maritz.net"
"fenxenappp153","","Windows","In Use","156.45.82.153","","us.maritz.net"
"fenxenappp154","","Windows","In Use","156.45.82.154","","us.maritz.net"
"fenxenappp155","","Windows","In Use","156.45.82.155","Windows 2008 R2","us.maritz.net"
"fenxenappp156","","Windows","In Use","156.45.82.156","","us.maritz.net"
"fenxenappp157","","Windows","In Use","156.45.82.157","","us.maritz.net"
"fenxenappp158","","Windows","In Use","156.45.82.158","","us.maritz.net"
"fenxenappp159","","Windows","In Use","156.45.82.159","","us.maritz.net"
"fenxenappp160","","Windows","In Use","156.45.82.160","","us.maritz.net"
"fenxenappp161","","Windows","In Use","156.45.82.161","","us.maritz.net"
"fenxenappp162","","Windows","In Use","156.45.82.162","","us.maritz.net"
"fenxenappp163","","Windows","In Use","156.45.82.163","","us.maritz.net"
"fenxenappp164","","Windows","In Use","156.45.82.164","","us.maritz.net"
"fenxenappp165","","Windows","In Use","156.45.82.165","","us.maritz.net"
"fenxenappp166","","Windows","In Use","156.45.82.166","","us.maritz.net"
"fenxenappp167","","Windows","In Use","156.45.82.167","","us.maritz.net"
"fenxenappp168","","Windows","In Use","156.45.82.168","","us.maritz.net"
"fenxenappp169","","Windows","In Use","156.45.82.169","","us.maritz.net"
"fenxenappp170","","Windows","In Use","156.45.82.170","","us.maritz.net"
"fenxenappp171","","Windows","In Use","156.45.82.171","","us.maritz.net"
"fenxenappp172","","Windows","In Use","156.45.82.172","","us.maritz.net"
"fenxenappp173","","Windows","In Use","156.45.82.173","Windows 2008 R2","us.maritz.net"
"fenxenappp183","","Windows","In Use","156.45.82.183","Windows 2008 R2","us.maritz.net"
"fenxenappp184","","Windows","In Use","156.45.82.184","Windows 2008 R2","us.maritz.net"
"fenxenappp185","","Windows","In Use","156.45.82.185","Windows 2008 R2","us.maritz.net"
"fenxenappp186","","Windows","In Use","156.45.82.186","Windows 2008 R2","us.maritz.net"
"fenxenappp187","","Windows","In Use","156.45.82.187","","us.maritz.net"
"fenxenappp188","","Windows","In Use","156.45.82.188","","us.maritz.net"
"fenxenappp189","","Windows","In Use","156.45.82.189","","us.maritz.net"
"fenxenappp197","","","","156.45.82.197","","us.maritz.net"
"fenxenappp197","","Windows","In Use","156.45.82.197","Windows 2008 R2","us.maritz.net"
"fenxenappp198","","Windows","In Use","156.45.82.198","Windows 2008 R2","us.maritz.net"
"fenxenappp198","","","","156.45.82.198","","us.maritz.net"
"fenxenappp199","","Windows","In Use","156.45.82.199","Windows 2008 R2","us.maritz.net"
"fenxenappp199","","","","156.45.82.199","","us.maritz.net"
"fenxenappp201","","Windows","In Use","156.45.82.201","","us.maritz.net"
"fenxenappp203","","Windows","In Use","156.45.82.203","","us.maritz.net"
"fenxenappp301","","Windows","Build/Rebuild","172.18.6.33","Windows 2008 R2","us.maritz.net"
"fenxenappp350","","Windows","In Use","172.19.5.62","Windows 2008 R2","us.maritz.net"
"fenxenappp351","","Windows","In Use","172.19.5.63","Windows 2008 R2","us.maritz.net"
"fenxenappp400","","Windows","In Use","172.19.31.61","Windows 2008 R2","us.maritz.net"
"fenxenappp751","","","Build/Rebuild","10.55.1.122","","us.maritz.net"
"fenxenappp752","","","Build/Rebuild","10.55.1.123","","us.maritz.net"
"fenxenappp753","","","Build/Rebuild","10.55.1.125","","us.maritz.net"
"fenxenappp754","","","Build/Rebuild","10.55.1.124","","us.maritz.net"
"fenxenappp755","","","Build/Rebuild","10.55.1.128","","us.maritz.net"
"fenxenappp756","","","Build/Rebuild","10.55.1.126","","us.maritz.net"
"fenxenappp757","","","Build/Rebuild","10.55.1.129","","us.maritz.net"
"fenxenappp758","","","Build/Rebuild","10.55.1.127","","us.maritz.net"
"fenxenappp759","","","Build/Rebuild","10.55.1.108","","us.maritz.net"
"fenxenddcp03","","Windows","Build/Rebuild","156.45.83.20","Windows 2008 R2","us.maritz.net"
"fenxenhpdmp01","","Windows","In Use","156.45.82.18","Windows 2008 R2","us.maritz.net"
"fenxenstorp01","","Windows","In Use","156.45.82.19","Windows 2008 R2","us.maritz.net"
"fenxenstorp02","","Windows","In Use","156.45.83.19","Windows 2008 R2","us.maritz.net"
"krk002appdial05","","Windows","Retired","10.30.48.24","Windows 2003 R2","us.maritz.net"
"krk002bkup01","","Windows","In Use","10.30.48.18","Windows 2008 R2","us.maritz.net"
"krk002offc04","","Windows","In Use","10.30.48.16","Windows Server 2012 R2 Standard R2","us.maritz.net"
"krk002sccmp02","","Windows","In Use","10.30.48.17","Windows Server 2012 R2 Standard R2","us.maritz.net"
"mau001appapvp01","","Windows","In Use","10.30.14.51","Windows 2008 R2","us.maritz.net"
"mau001appekmp02","","Windows","In Use","172.28.4.17","Windows Server 2012 Standard","us.maritz.net"
"mau001appimg01","","Windows","In Use","10.30.14.200","Windows 2003","us.maritz.net"
"mau001appimg02","","Windows","Build/Rebuild","10.30.14.202","Windows Server 2012 R2 Standard R2","us.maritz.net"
"mau001appmrp01","","Windows","In Use","10.30.14.106","Windows 2003","us.maritz.net"
"mau001apppolp01","","Windows","In Use","10.30.14.38","Windows 2003","us.maritz.net"
"mau001apppolp02","","Windows","In Use","10.30.14.112","Windows 2008 R2","us.maritz.net"
"mau001apppols01","","Windows","In Use","10.30.14.111","Windows 2003","us.maritz.net"
"mau001appsasp01","","Windows","In Use","10.30.14.68","Windows 2008 R2","us.maritz.net"
"mau001apsccmp01","","Windows","In Use","10.30.14.50","Windows 2008 R2","us.maritz.net"
"mau001bkup01","","Windows","In Use","10.30.14.15","Windows 2008 R2","us.maritz.net"
"mau001dcus01","","Windows","In Use","10.30.14.54","Windows 2008 R2","us.maritz.net"
"mau001exch06","","Windows","Installed","10.30.214.44","Windows Server 2012 R2 Standard R2","us.maritz.net"
"mau001exch07","","Windows","Installed","10.30.214.34","Windows Server 2012 R2 Standard R2","us.maritz.net"
"mau001mta04","","Windows","Returned to Vendor - AM","10.30.214.24","Windows 2008 R2","us.maritz.net"
"mau001offc01","","Windows","In Use","10.30.14.52","Windows 2008 R2","us.maritz.net"
"mau001offcprn01","","Windows","Decommissioned","10.30.14.203","Windows 2003","us.maritz.net"
"mau001ris01","","Windows","In Use","10.30.14.102","Windows 2003","us.maritz.net"
"mau001sqlmgtp01","","Windows","In Use","10.30.14.99","Windows 2008 R2","us.maritz.net"
"mau001web01","","Windows","In Use","10.30.14.18","Windows 2003","us.maritz.net"
"mau001web02","","Windows","Build/Rebuild","10.30.14.118","Windows Server 2012 R2 Standard R2","us.maritz.net"
"mau001webdev01","","Windows","In Use","10.30.14.204","Windows 2003","us.maritz.net"
"mau001xenappp30","","Windows","In Use","10.30.14.115","Windows 2008 R2","us.maritz.net"
"mau001xenappp51","","Windows","In Use","10.30.20.51","","us.maritz.net"
"mauappvcp03","","Windows","In Use","172.28.5.100","Windows Server 2012 R2 Standard R2","us.maritz.net"
"mauappvsrp01","","Windows","In Use","172.28.5.199","Windows Server 2012 R2 Standard R2","us.maritz.net"
"maudrappedp01","","Windows","In Use","172.28.4.36","Windows 2003","us.maritz.net"
"maudrdcus01","","Windows","In Use","172.28.4.45","Windows 2008 R2","us.maritz.net"
"maudrdcus02","","Windows","In Use","172.28.4.46","Windows 2008 R2","us.maritz.net"
"maudrdcus03","","Windows","In Use","172.28.4.47","Windows 2008 R2","us.maritz.net"
"maudrdhcp02","","Windows","In Use","172.28.4.43","Windows Server 2012 R2 Standard R2","us.maritz.net"
"maudrris01","","Windows","In Use","172.28.4.35","Windows 2003","us.maritz.net"
"maudrsqlmmp01","","Windows","In Use","172.28.1.30","Windows 2008 R2","us.maritz.net"
"maudrtsvr01","","Windows","Decommissioned","172.28.6.48","Windows 2003","us.maritz.net"
"maudrwapcsip01","","Windows","In Use","172.28.2.28","Windows 2008 R2","us.maritz.net"
"maudrwapmcp02","","Windows","In Use","172.28.2.53","Windows 2003","us.maritz.net"
"maudrwapmcp03","","Windows","In Use","172.28.2.54","Windows 2003","us.maritz.net"
"maudrwapmcp04","","Windows","In Use","172.28.2.55","Windows 2003","us.maritz.net"
"maudrwapmgp01","","Windows","In Use","172.28.4.52","Windows 2008 R2","us.maritz.net"
"maudrwapmmp01","","Windows","In Use","172.28.2.34","Windows 2008 R2","us.maritz.net"
"maudrwapmmp02","","Windows","In Use","172.28.2.35","Windows 2008 R2","us.maritz.net"
"maudrwapmmp04","","Windows","In Use","172.28.2.27","Windows 2008 R2","us.maritz.net"
"maudrwapmmp07","","Windows","Build/Rebuild","172.28.2.22","Windows Server 2012 R2 Standard R2","us.maritz.net"
"maudrwapmmp08","","Windows","In Use","172.28.2.133","Windows Server 2012 R2 Standard R2","us.maritz.net"
"maudrwdsp01","","Windows","In Use","172.28.4.34","Windows Server 2012 R2 Standard R2","us.maritz.net"
"maudrwebmgp01","","Windows","In Use","172.28.4.37","Windows 2003","us.maritz.net"
"maudrwebmgp03","","Windows","In Use","172.28.4.54","Windows 2008 R2","us.maritz.net"
"maudrwins01","","Windows","In Use","172.28.4.44","Windows 2003","us.maritz.net"
"maudrxenappp01","","Windows","In Use","172.28.6.57","Windows 2008 R2","us.maritz.net"
"maudrxenappp02","","Windows","In Use","172.28.6.58","Windows 2008 R2","us.maritz.net"
"mausqlvcp03","","Windows","In Use","172.28.5.101","Windows Server 2012 R2 Standard R2","us.maritz.net"
"mautsvr01","us.maritz.net","Windows","In Use","10.30.14.85","Windows 2003","us.maritz.net"
"mautsvr02","","Windows","In Use","10.30.14.104","Windows 2003","us.maritz.net"
"mautsvr03","","Windows","In Use","10.30.14.105","Windows 2003","us.maritz.net"
"mautsvr04","","Windows","In Use","10.30.14.89","Windows 2003","us.maritz.net"
"mautsvr05","","Windows","In Use","10.30.14.78","Windows 2003","us.maritz.net"
"mautsvr08","","Windows","In Use","10.30.14.74","Windows 2003","us.maritz.net"
"mautsvr09","","Windows","In Use","10.30.14.75","Windows 2003","us.maritz.net"
"mautsvr100","","Windows","In Use","10.30.14.77","Windows 2003 R2","us.maritz.net"
"mautsvr101","","Windows","In Use","10.30.14.35","Windows 2003 R2","us.maritz.net"
"mautsvr11","","Windows","In Use","10.30.14.79","Windows 2003","us.maritz.net"
"mautsvr12","","Windows","In Use","10.30.14.14","Windows 2003","us.maritz.net"
"mautsvr20","","Windows","In Use","10.30.14.26","Windows 2003 R2","us.maritz.net"
"mauxenappp053","","Windows","In Use","10.30.20.53","Windows 2008 R2","us.maritz.net"
"mauxenappp054","","Windows","In Use","10.30.20.54","Windows 2008 R2","us.maritz.net"
"mss001cbkup01","","Windows","Build/Rebuild","10.150.4.14","Windows 2003","us.maritz.net"
"mss001cclsr401","","Windows","Build/Rebuild","10.150.4.153","Windows Server 2012 Standard","us.maritz.net"
"mss001cclsr402","","Windows","Build/Rebuild","10.150.4.154","Windows Server 2012 Standard","us.maritz.net"
"mss001cclsr501","","Windows","In Use","10.150.4.159","Windows 2008 R2","us.maritz.net"
"mss001cclsr502","","Windows","In Use","10.150.4.160","Windows 2008 R2","us.maritz.net"
"mss001cclsr601","","Windows","Build/Rebuild","10.150.4.194","Windows 2008 R2","us.maritz.net"
"mss001cclstr01","","Windows","In Use","10.150.4.177","Windows 2003","us.maritz.net"
"mss001cdcus04","","Windows","In Use","10.150.4.5","Windows 2008 R2","us.maritz.net"
"mss001chad01","","Windows","In Use","10.150.4.115","Windows 2003","us.maritz.net"
"mss001chad02","","Windows","In Use","10.150.4.116","Windows 2003","us.maritz.net"
"mss001chaq01","","Windows","In Use","10.150.4.105","Windows 2003","us.maritz.net"
"mss001chaq02","","Windows","In Use","10.150.4.106","Windows 2003","us.maritz.net"
"mss001coffc06","","Windows","In Use","10.150.4.249","","us.maritz.net"
"mss001coffc07","","Windows","In Use","10.150.4.250","","us.maritz.net"
"mss001cris01","","Windows","In Use","10.150.4.9","Windows 2003","us.maritz.net"
"mss001csccmp01","","Windows","In Use","10.150.4.10","Windows 2008 R2","us.maritz.net"
"mss001csps01","","Windows","In Use","10.150.4.17","Windows 2003","us.maritz.net"
"mss001csqld03","","Windows","In Use","10.150.4.26","Windows 2003","us.maritz.net"
"mss001csqld04","","Windows","In Use","10.150.4.25","Windows 2003","us.maritz.net"
"mss001csqld05","","Windows","In Use","10.150.4.151","Windows 2008 R2","us.maritz.net"
"mss001csqld09","","Windows","In Use","10.150.4.72","Windows Server 2012 Standard","us.maritz.net"
"mss001csqld10","","Windows","Build/Rebuild","10.150.4.73","Windows Server 2012 Standard","us.maritz.net"
"mss001csqld12","","Windows","Build/Rebuild","10.150.4.134","Windows Server 2012 Standard","us.maritz.net"
"mss001csqlmgp01","","Windows","In Use","10.150.4.44","Windows 2008 R2","us.maritz.net"
"mss001csqlp02","","Windows","In Use","10.150.4.126","Windows 2003","us.maritz.net"
"mss001csqlp03","","Windows","In Use","10.150.4.130","Windows 2003","us.maritz.net"
"mss001csqlp04","","Windows","In Use","10.150.4.172","Windows 2003","us.maritz.net"
"mss001csqlp05","","Windows","Build/Rebuild","10.150.4.189","Windows 2008 R2","us.maritz.net"
"mss001csqlp08","","Windows","In Use","10.150.4.178","Windows 2008 R2","us.maritz.net"
"mss001csqlp09","","Windows","Build/Rebuild","10.150.4.185","Windows Server 2012 Standard","us.maritz.net"
"mss001csqlp10","","Windows","Waiting for Verification","10.150.4.104","Windows Server 2012 Standard","us.maritz.net"
"mss001csqlp11","","Windows","Waiting for Verification","10.150.4.144","Windows Server 2012 Standard","us.maritz.net"
"mss001csqlsps01","","Windows","In Use","10.150.4.173","Windows 2003","us.maritz.net"
"mss001csqlt01","","Windows","Build/Rebuild","10.150.4.165","Windows 2008 R2","us.maritz.net"
"mss001csqlt02","","","","10.150.4.208","","us.maritz.net"
"mss001csqlt04","","Windows","In Use","10.150.4.198","Windows 2008 R2","us.maritz.net"
"mss001cwad01","","Windows","In Use","10.150.4.152","Windows 2008 R2","us.maritz.net"
"mss001cwad02","","Windows","In Use","10.150.4.128","Windows 2003","us.maritz.net"
"mss001cwad03","","Windows","In Use","10.150.4.192","Windows 2008 R2","us.maritz.net"
"mss001cwad04","","Windows","Build/Rebuild","10.150.4.193","Windows 2008 R2","us.maritz.net"
"mss001cwad05","","Windows","Build/Rebuild","10.150.4.166","Windows 2008 R2","us.maritz.net"
"mss001cwad07","","Windows","Build/Rebuild","10.150.4.68","Windows 2008 R2","us.maritz.net"
"mss001cwad08","","Windows","Build/Rebuild","10.150.4.69","Windows 2008 R2","us.maritz.net"
"mss001cwad09","","Windows","In Use","10.150.4.81","Windows 2003","us.maritz.net"
"mss001cwad10","","Windows","In Use","10.150.4.71","Windows Server 2012 Standard","us.maritz.net"
"mss001cwad11","","Windows","In Use","10.150.4.21","Windows Server 2012 Standard","us.maritz.net"
"mss001cwad13","","","","10.150.4.229","","us.maritz.net"
"mss001cwad14","","Windows","Build/Rebuild","10.150.4.28","Windows Server 2012 Standard","us.maritz.net"
"mss001cwap01","","Windows","In Use","10.150.4.127","Windows 2003","us.maritz.net"
"mss001cwap02","","Windows","In Use","10.150.4.142","Windows 2003","us.maritz.net"
"mss001cwap03","maritz.com","Windows","In Use","10.150.4.33","Windows Server 2012 Standard","us.maritz.net"
"mss001cwap04","","Windows","In Use","10.150.4.186","Windows Server 2012 Standard","us.maritz.net"
"mss001cwap06","","Windows","In Use","10.150.4.147","Windows 2008 R2","us.maritz.net"
"mss001cwap07","","Windows","In Use","10.150.4.123","Windows Server 2012 Standard","us.maritz.net"
"mss001cwap10","","Windows","In Use","10.150.4.168","Windows 2008 R2","us.maritz.net"
"mss001cwap11","","Windows","Build/Rebuild","10.150.4.64","Windows 2008 R2","us.maritz.net"
"mss001cwap13","","Windows","Build/Rebuild","10.150.4.42","Windows 2008 R2","us.maritz.net"
"mss001cwap14","","","","10.150.4.252","","us.maritz.net"
"mss001cwap16","","Windows","Installed","10.150.4.16","Windows 2008 R2","us.maritz.net"
"mss001cwap17","","Windows","Retired","10.150.4.43","Windows Server 2012 Standard","us.maritz.net"
"mss001cwaq01","","Windows","In Use","10.150.4.129","Windows 2003","us.maritz.net"
"mss001cwas01","","Windows","Build/Rebuild","10.150.4.80","Windows 2008 R2","us.maritz.net"
"mss001cwas02","","Windows","In Use","10.150.4.22","Windows Server 2012 Standard","us.maritz.net"
"mss001cwdsp01","","Windows","In Use","10.150.4.253","","us.maritz.net"
"mss001cwebd02","","Windows","In Use","10.150.4.95","Windows 2003","us.maritz.net"
"mss001cwebd05","","Windows","In Use","10.150.4.70","Windows Server 2012 Standard","us.maritz.net"
"mss001cwebd06","","Windows","In Use","10.150.4.20","Windows Server 2012 Standard","us.maritz.net"
"mss001cwebd07","","Windows","Build/Rebuild","10.150.4.30","Windows Server 2012 Standard","us.maritz.net"
"mss001cwebd08","","Windows","Waiting for Verification","10.150.4.36","Windows Server 2012 Standard","us.maritz.net"
"mss001cwebp02","","Windows","In Use","10.150.4.148","Windows 2008 R2","us.maritz.net"
"mss001cwebp03","","Windows","In Use","10.150.4.158","Windows 2003","us.maritz.net"
"mss001cwebp05","","Windows","Build/Rebuild","10.150.4.167","Windows 2008 R2","us.maritz.net"
"mss001cwebp06","maritz.com","","Build/Rebuild","10.150.4.47","","us.maritz.net"
"mss001cwebs01","","Windows","In Use","10.150.4.19","Windows Server 2012 Standard","us.maritz.net"
"mss001cwebt04","","Windows","In Use","10.150.4.199","Windows 2008 R2","us.maritz.net"
"mss001cwssd01","","Windows","In Use","10.150.4.141","Windows 2003","us.maritz.net"
"mss001xapp01","maritz.com","Windows","In Use","10.150.4.35","Windows 2003","us.maritz.net"
"ovr002offc04","","Windows","In Use","10.30.22.15","Windows 2008 R2","us.maritz.net"
"phl003offc04","","Windows","In Use","10.20.4.15","Windows 2008 R2","us.maritz.net"
"phl003ris01","","Windows","In Use","10.20.4.13","Windows 2003","us.maritz.net"
"sfd001bkup01","","Windows","In Use","10.10.2.9","Windows 2008 R2","us.maritz.net"
"sfd001offc04","","Windows","In Use","10.10.2.26","Windows Server 2012 R2 Standard R2","us.maritz.net"
"sfd001ris01","","Windows","In Use","10.10.2.27","Windows 2003","us.maritz.net"
"tor002offc03","","Windows","In Use","10.10.22.13","Windows 2008 R2","us.maritz.net"
"wal002offc04","","Windows","In Use","10.20.3.19","Windows 2008 R2","us.maritz.net"
"xeu008appdial02","maritz.com","Windows","In Use","10.151.4.19","Windows 2003 R2","us.maritz.net"
"xeu008offc01","","Windows","In Use","10.151.4.11","Windows 2008 R2","us.maritz.net"
